,SQLDATE,Number of Events
0,2016-03-12,1
1,2016-03-13,0
2,2016-03-14,0
3,2016-03-15,0
4,2016-03-16,0
5,2016-03-17,0
6,2016-03-18,0
7,2016-03-19,0
8,2016-03-20,0
9,2016-03-21,0
10,2016-03-22,0
11,2016-03-23,0
12,2016-03-24,0
13,2016-03-25,0
14,2016-03-26,0
15,2016-03-27,0
16,2016-03-28,0
17,2016-03-29,0
18,2016-03-30,0
19,2016-03-31,0
20,2016-04-01,0
21,2016-04-02,0
22,2016-04-03,0
23,2016-04-04,0
24,2016-04-05,0
25,2016-04-06,0
26,2016-04-07,0
27,2016-04-08,0
28,2016-04-09,0
29,2016-04-10,0
30,2016-04-11,0
31,2016-04-12,0
32,2016-04-13,0
33,2016-04-14,0
34,2016-04-15,0
35,2016-04-16,0
36,2016-04-17,0
37,2016-04-18,0
38,2016-04-19,0
39,2016-04-20,0
40,2016-04-21,0
41,2016-04-22,0
42,2016-04-23,0
43,2016-04-24,0
44,2016-04-25,0
45,2016-04-26,0
46,2016-04-27,0
47,2016-04-28,0
48,2016-04-29,0
49,2016-04-30,0
50,2016-05-01,0
51,2016-05-02,0
52,2016-05-03,0
53,2016-05-04,0
54,2016-05-05,0
55,2016-05-06,0
56,2016-05-07,0
57,2016-05-08,0
58,2016-05-09,0
59,2016-05-10,0
60,2016-05-11,0
61,2016-05-12,0
62,2016-05-13,0
63,2016-05-14,0
64,2016-05-15,0
65,2016-05-16,0
66,2016-05-17,0
67,2016-05-18,0
68,2016-05-19,0
69,2016-05-20,0
70,2016-05-21,0
71,2016-05-22,0
72,2016-05-23,0
73,2016-05-24,0
74,2016-05-25,0
75,2016-05-26,0
76,2016-05-27,0
77,2016-05-28,0
78,2016-05-29,0
79,2016-05-30,0
80,2016-05-31,0
81,2016-06-01,0
82,2016-06-02,0
83,2016-06-03,0
84,2016-06-04,0
85,2016-06-05,0
86,2016-06-06,0
87,2016-06-07,0
88,2016-06-08,0
89,2016-06-09,0
90,2016-06-10,0
91,2016-06-11,0
92,2016-06-12,0
93,2016-06-13,0
94,2016-06-14,0
95,2016-06-15,0
96,2016-06-16,0
97,2016-06-17,0
98,2016-06-18,0
99,2016-06-19,0
100,2016-06-20,0
101,2016-06-21,0
102,2016-06-22,0
103,2016-06-23,0
104,2016-06-24,0
105,2016-06-25,0
106,2016-06-26,0
107,2016-06-27,0
108,2016-06-28,0
109,2016-06-29,0
110,2016-06-30,0
111,2016-07-01,0
112,2016-07-02,0
113,2016-07-03,0
114,2016-07-04,0
115,2016-07-05,0
116,2016-07-06,0
117,2016-07-07,0
118,2016-07-08,0
119,2016-07-09,0
120,2016-07-10,0
121,2016-07-11,0
122,2016-07-12,0
123,2016-07-13,0
124,2016-07-14,0
125,2016-07-15,0
126,2016-07-16,0
127,2016-07-17,0
128,2016-07-18,0
129,2016-07-19,0
130,2016-07-20,0
131,2016-07-21,0
132,2016-07-22,0
133,2016-07-23,0
134,2016-07-24,0
135,2016-07-25,0
136,2016-07-26,0
137,2016-07-27,0
138,2016-07-28,0
139,2016-07-29,0
140,2016-07-30,0
141,2016-07-31,0
142,2016-08-01,0
143,2016-08-02,0
144,2016-08-03,0
145,2016-08-04,0
146,2016-08-05,0
147,2016-08-06,0
148,2016-08-07,0
149,2016-08-08,0
150,2016-08-09,0
151,2016-08-10,0
152,2016-08-11,0
153,2016-08-12,0
154,2016-08-13,0
155,2016-08-14,0
156,2016-08-15,0
157,2016-08-16,0
158,2016-08-17,0
159,2016-08-18,0
160,2016-08-19,0
161,2016-08-20,0
162,2016-08-21,0
163,2016-08-22,0
164,2016-08-23,0
165,2016-08-24,0
166,2016-08-25,0
167,2016-08-26,0
168,2016-08-27,0
169,2016-08-28,0
170,2016-08-29,0
171,2016-08-30,0
172,2016-08-31,0
173,2016-09-01,0
174,2016-09-02,0
175,2016-09-03,0
176,2016-09-04,0
177,2016-09-05,0
178,2016-09-06,0
179,2016-09-07,0
180,2016-09-08,0
181,2016-09-09,0
182,2016-09-10,0
183,2016-09-11,0
184,2016-09-12,0
185,2016-09-13,0
186,2016-09-14,0
187,2016-09-15,0
188,2016-09-16,0
189,2016-09-17,0
190,2016-09-18,0
191,2016-09-19,0
192,2016-09-20,0
193,2016-09-21,0
194,2016-09-22,0
195,2016-09-23,0
196,2016-09-24,0
197,2016-09-25,0
198,2016-09-26,0
199,2016-09-27,0
200,2016-09-28,0
201,2016-09-29,0
202,2016-09-30,0
203,2016-10-01,0
204,2016-10-02,0
205,2016-10-03,0
206,2016-10-04,0
207,2016-10-05,0
208,2016-10-06,0
209,2016-10-07,0
210,2016-10-08,0
211,2016-10-09,0
212,2016-10-10,0
213,2016-10-11,0
214,2016-10-12,0
215,2016-10-13,0
216,2016-10-14,0
217,2016-10-15,0
218,2016-10-16,0
219,2016-10-17,0
220,2016-10-18,0
221,2016-10-19,0
222,2016-10-20,0
223,2016-10-21,0
224,2016-10-22,0
225,2016-10-23,0
226,2016-10-24,0
227,2016-10-25,0
228,2016-10-26,0
229,2016-10-27,0
230,2016-10-28,0
231,2016-10-29,0
232,2016-10-30,0
233,2016-10-31,0
234,2016-11-01,0
235,2016-11-02,0
236,2016-11-03,0
237,2016-11-04,0
238,2016-11-05,0
239,2016-11-06,0
240,2016-11-07,0
241,2016-11-08,0
242,2016-11-09,0
243,2016-11-10,0
244,2016-11-11,0
245,2016-11-12,0
246,2016-11-13,0
247,2016-11-14,0
248,2016-11-15,0
249,2016-11-16,0
250,2016-11-17,0
251,2016-11-18,0
252,2016-11-19,0
253,2016-11-20,0
254,2016-11-21,0
255,2016-11-22,0
256,2016-11-23,0
257,2016-11-24,0
258,2016-11-25,0
259,2016-11-26,0
260,2016-11-27,0
261,2016-11-28,0
262,2016-11-29,0
263,2016-11-30,0
264,2016-12-01,0
265,2016-12-02,0
266,2016-12-03,0
267,2016-12-04,0
268,2016-12-05,0
269,2016-12-06,0
270,2016-12-07,0
271,2016-12-08,0
272,2016-12-09,0
273,2016-12-10,0
274,2016-12-11,0
275,2016-12-12,0
276,2016-12-13,0
277,2016-12-14,0
278,2016-12-15,0
279,2016-12-16,0
280,2016-12-17,0
281,2016-12-18,0
282,2016-12-19,0
283,2016-12-20,0
284,2016-12-21,0
285,2016-12-22,0
286,2016-12-23,0
287,2016-12-24,0
288,2016-12-25,0
289,2016-12-26,0
290,2016-12-27,0
291,2016-12-28,0
292,2016-12-29,0
293,2016-12-30,0
294,2016-12-31,0
295,2017-01-01,0
296,2017-01-02,0
297,2017-01-03,0
298,2017-01-04,0
299,2017-01-05,0
300,2017-01-06,0
301,2017-01-07,0
302,2017-01-08,0
303,2017-01-09,0
304,2017-01-10,0
305,2017-01-11,0
306,2017-01-12,0
307,2017-01-13,0
308,2017-01-14,0
309,2017-01-15,0
310,2017-01-16,0
311,2017-01-17,0
312,2017-01-18,0
313,2017-01-19,0
314,2017-01-20,0
315,2017-01-21,0
316,2017-01-22,0
317,2017-01-23,0
318,2017-01-24,0
319,2017-01-25,0
320,2017-01-26,0
321,2017-01-27,0
322,2017-01-28,0
323,2017-01-29,0
324,2017-01-30,0
325,2017-01-31,0
326,2017-02-01,0
327,2017-02-02,0
328,2017-02-03,0
329,2017-02-04,0
330,2017-02-05,0
331,2017-02-06,0
332,2017-02-07,0
333,2017-02-08,0
334,2017-02-09,0
335,2017-02-10,0
336,2017-02-11,0
337,2017-02-12,0
338,2017-02-13,0
339,2017-02-14,0
340,2017-02-15,0
341,2017-02-16,0
342,2017-02-17,0
343,2017-02-18,0
344,2017-02-19,0
345,2017-02-20,0
346,2017-02-21,0
347,2017-02-22,0
348,2017-02-23,0
349,2017-02-24,0
350,2017-02-25,0
351,2017-02-26,0
352,2017-02-27,0
353,2017-02-28,0
354,2017-03-01,0
355,2017-03-02,0
356,2017-03-03,0
357,2017-03-04,0
358,2017-03-05,0
359,2017-03-06,0
360,2017-03-07,0
361,2017-03-08,0
362,2017-03-09,0
363,2017-03-10,0
364,2017-03-11,0
365,2017-03-12,0
366,2017-03-13,0
367,2017-03-14,0
368,2017-03-15,0
369,2017-03-16,0
370,2017-03-17,0
371,2017-03-18,0
372,2017-03-19,0
373,2017-03-20,0
374,2017-03-21,0
375,2017-03-22,0
376,2017-03-23,0
377,2017-03-24,0
378,2017-03-25,0
379,2017-03-26,0
380,2017-03-27,0
381,2017-03-28,0
382,2017-03-29,0
383,2017-03-30,0
384,2017-03-31,0
385,2017-04-01,0
386,2017-04-02,0
387,2017-04-03,0
388,2017-04-04,0
389,2017-04-05,0
390,2017-04-06,0
391,2017-04-07,0
392,2017-04-08,0
393,2017-04-09,0
394,2017-04-10,0
395,2017-04-11,0
396,2017-04-12,0
397,2017-04-13,0
398,2017-04-14,0
399,2017-04-15,0
400,2017-04-16,0
401,2017-04-17,0
402,2017-04-18,0
403,2017-04-19,0
404,2017-04-20,0
405,2017-04-21,0
406,2017-04-22,0
407,2017-04-23,0
408,2017-04-24,0
409,2017-04-25,0
410,2017-04-26,0
411,2017-04-27,0
412,2017-04-28,0
413,2017-04-29,0
414,2017-04-30,0
415,2017-05-01,0
416,2017-05-02,0
417,2017-05-03,0
418,2017-05-04,0
419,2017-05-05,0
420,2017-05-06,0
421,2017-05-07,0
422,2017-05-08,0
423,2017-05-09,0
424,2017-05-10,0
425,2017-05-11,0
426,2017-05-12,0
427,2017-05-13,0
428,2017-05-14,0
429,2017-05-15,0
430,2017-05-16,0
431,2017-05-17,0
432,2017-05-18,0
433,2017-05-19,0
434,2017-05-20,0
435,2017-05-21,0
436,2017-05-22,0
437,2017-05-23,0
438,2017-05-24,0
439,2017-05-25,0
440,2017-05-26,0
441,2017-05-27,0
442,2017-05-28,0
443,2017-05-29,0
444,2017-05-30,0
445,2017-05-31,0
446,2017-06-01,0
447,2017-06-02,0
448,2017-06-03,0
449,2017-06-04,0
450,2017-06-05,0
451,2017-06-06,0
452,2017-06-07,0
453,2017-06-08,0
454,2017-06-09,0
455,2017-06-10,0
456,2017-06-11,0
457,2017-06-12,0
458,2017-06-13,0
459,2017-06-14,0
460,2017-06-15,0
461,2017-06-16,0
462,2017-06-17,0
463,2017-06-18,0
464,2017-06-19,0
465,2017-06-20,0
466,2017-06-21,0
467,2017-06-22,0
468,2017-06-23,0
469,2017-06-24,0
470,2017-06-25,0
471,2017-06-26,0
472,2017-06-27,0
473,2017-06-28,0
474,2017-06-29,0
475,2017-06-30,0
476,2017-07-01,0
477,2017-07-02,0
478,2017-07-03,0
479,2017-07-04,0
480,2017-07-05,0
481,2017-07-06,0
482,2017-07-07,0
483,2017-07-08,0
484,2017-07-09,0
485,2017-07-10,0
486,2017-07-11,0
487,2017-07-12,0
488,2017-07-13,0
489,2017-07-14,0
490,2017-07-15,0
491,2017-07-16,0
492,2017-07-17,0
493,2017-07-18,0
494,2017-07-19,0
495,2017-07-20,0
496,2017-07-21,0
497,2017-07-22,0
498,2017-07-23,0
499,2017-07-24,0
500,2017-07-25,0
501,2017-07-26,0
502,2017-07-27,0
503,2017-07-28,0
504,2017-07-29,0
505,2017-07-30,0
506,2017-07-31,0
507,2017-08-01,0
508,2017-08-02,0
509,2017-08-03,0
510,2017-08-04,0
511,2017-08-05,0
512,2017-08-06,0
513,2017-08-07,0
514,2017-08-08,0
515,2017-08-09,0
516,2017-08-10,0
517,2017-08-11,0
518,2017-08-12,0
519,2017-08-13,0
520,2017-08-14,0
521,2017-08-15,0
522,2017-08-16,0
523,2017-08-17,0
524,2017-08-18,0
525,2017-08-19,0
526,2017-08-20,0
527,2017-08-21,0
528,2017-08-22,0
529,2017-08-23,0
530,2017-08-24,0
531,2017-08-25,0
532,2017-08-26,0
533,2017-08-27,0
534,2017-08-28,0
535,2017-08-29,0
536,2017-08-30,0
537,2017-08-31,0
538,2017-09-01,0
539,2017-09-02,0
540,2017-09-03,0
541,2017-09-04,0
542,2017-09-05,0
543,2017-09-06,0
544,2017-09-07,0
545,2017-09-08,0
546,2017-09-09,0
547,2017-09-10,0
548,2017-09-11,0
549,2017-09-12,0
550,2017-09-13,0
551,2017-09-14,0
552,2017-09-15,0
553,2017-09-16,0
554,2017-09-17,0
555,2017-09-18,0
556,2017-09-19,0
557,2017-09-20,0
558,2017-09-21,0
559,2017-09-22,0
560,2017-09-23,0
561,2017-09-24,0
562,2017-09-25,0
563,2017-09-26,0
564,2017-09-27,0
565,2017-09-28,0
566,2017-09-29,0
567,2017-09-30,0
568,2017-10-01,0
569,2017-10-02,0
570,2017-10-03,0
571,2017-10-04,0
572,2017-10-05,0
573,2017-10-06,0
574,2017-10-07,0
575,2017-10-08,0
576,2017-10-09,0
577,2017-10-10,0
578,2017-10-11,0
579,2017-10-12,0
580,2017-10-13,0
581,2017-10-14,0
582,2017-10-15,0
583,2017-10-16,0
584,2017-10-17,0
585,2017-10-18,0
586,2017-10-19,0
587,2017-10-20,0
588,2017-10-21,0
589,2017-10-22,0
590,2017-10-23,0
591,2017-10-24,0
592,2017-10-25,0
593,2017-10-26,0
594,2017-10-27,0
595,2017-10-28,0
596,2017-10-29,0
597,2017-10-30,0
598,2017-10-31,0
599,2017-11-01,0
600,2017-11-02,0
601,2017-11-03,0
602,2017-11-04,0
603,2017-11-05,0
604,2017-11-06,0
605,2017-11-07,0
606,2017-11-08,0
607,2017-11-09,0
608,2017-11-10,0
609,2017-11-11,0
610,2017-11-12,0
611,2017-11-13,0
612,2017-11-14,0
613,2017-11-15,0
614,2017-11-16,0
615,2017-11-17,0
616,2017-11-18,0
617,2017-11-19,0
618,2017-11-20,0
619,2017-11-21,0
620,2017-11-22,0
621,2017-11-23,0
622,2017-11-24,0
623,2017-11-25,0
624,2017-11-26,0
625,2017-11-27,0
626,2017-11-28,0
627,2017-11-29,0
628,2017-11-30,0
629,2017-12-01,0
630,2017-12-02,0
631,2017-12-03,0
632,2017-12-04,0
633,2017-12-05,0
634,2017-12-06,0
635,2017-12-07,0
636,2017-12-08,0
637,2017-12-09,0
638,2017-12-10,0
639,2017-12-11,0
640,2017-12-12,0
641,2017-12-13,0
642,2017-12-14,0
643,2017-12-15,0
644,2017-12-16,0
645,2017-12-17,0
646,2017-12-18,0
647,2017-12-19,0
648,2017-12-20,0
649,2017-12-21,0
650,2017-12-22,0
651,2017-12-23,0
652,2017-12-24,0
653,2017-12-25,0
654,2017-12-26,0
655,2017-12-27,0
656,2017-12-28,0
657,2017-12-29,0
658,2017-12-30,0
659,2017-12-31,0
660,2018-01-01,0
661,2018-01-02,0
662,2018-01-03,0
663,2018-01-04,0
664,2018-01-05,0
665,2018-01-06,0
666,2018-01-07,0
667,2018-01-08,0
668,2018-01-09,0
669,2018-01-10,0
670,2018-01-11,0
671,2018-01-12,0
672,2018-01-13,0
673,2018-01-14,0
674,2018-01-15,0
675,2018-01-16,0
676,2018-01-17,0
677,2018-01-18,0
678,2018-01-19,0
679,2018-01-20,0
680,2018-01-21,0
681,2018-01-22,0
682,2018-01-23,0
683,2018-01-24,0
684,2018-01-25,0
685,2018-01-26,0
686,2018-01-27,0
687,2018-01-28,0
688,2018-01-29,0
689,2018-01-30,0
690,2018-01-31,0
691,2018-02-01,0
692,2018-02-02,0
693,2018-02-03,0
694,2018-02-04,0
695,2018-02-05,0
696,2018-02-06,0
697,2018-02-07,0
698,2018-02-08,0
699,2018-02-09,0
700,2018-02-10,0
701,2018-02-11,0
702,2018-02-12,0
703,2018-02-13,0
704,2018-02-14,0
705,2018-02-15,0
706,2018-02-16,0
707,2018-02-17,0
708,2018-02-18,0
709,2018-02-19,0
710,2018-02-20,0
711,2018-02-21,0
712,2018-02-22,0
713,2018-02-23,0
714,2018-02-24,0
715,2018-02-25,0
716,2018-02-26,0
717,2018-02-27,0
718,2018-02-28,0
719,2018-03-01,0
720,2018-03-02,0
721,2018-03-03,0
722,2018-03-04,0
723,2018-03-05,0
724,2018-03-06,0
725,2018-03-07,1
726,2018-03-08,0
727,2018-03-09,0
728,2018-03-10,0
729,2018-03-11,0
730,2018-03-12,0
731,2018-03-13,0
732,2018-03-14,0
733,2018-03-15,0
734,2018-03-16,0
735,2018-03-17,0
736,2018-03-18,0
737,2018-03-19,0
738,2018-03-20,0
739,2018-03-21,0
740,2018-03-22,0
741,2018-03-23,0
742,2018-03-24,0
743,2018-03-25,0
744,2018-03-26,0
745,2018-03-27,0
746,2018-03-28,0
747,2018-03-29,0
748,2018-03-30,0
749,2018-03-31,0
750,2018-04-01,0
751,2018-04-02,0
752,2018-04-03,0
753,2018-04-04,0
754,2018-04-05,0
755,2018-04-06,0
756,2018-04-07,0
757,2018-04-08,0
758,2018-04-09,0
759,2018-04-10,0
760,2018-04-11,0
761,2018-04-12,0
762,2018-04-13,0
763,2018-04-14,0
764,2018-04-15,0
765,2018-04-16,0
766,2018-04-17,0
767,2018-04-18,0
768,2018-04-19,0
769,2018-04-20,0
770,2018-04-21,0
771,2018-04-22,0
772,2018-04-23,0
773,2018-04-24,0
774,2018-04-25,0
775,2018-04-26,0
776,2018-04-27,0
777,2018-04-28,0
778,2018-04-29,0
779,2018-04-30,0
780,2018-05-01,0
781,2018-05-02,0
782,2018-05-03,0
783,2018-05-04,0
784,2018-05-05,0
785,2018-05-06,0
786,2018-05-07,0
787,2018-05-08,0
788,2018-05-09,0
789,2018-05-10,0
790,2018-05-11,0
791,2018-05-12,0
792,2018-05-13,0
793,2018-05-14,0
794,2018-05-15,0
795,2018-05-16,0
796,2018-05-17,0
797,2018-05-18,0
798,2018-05-19,0
799,2018-05-20,0
800,2018-05-21,0
801,2018-05-22,0
802,2018-05-23,0
803,2018-05-24,0
804,2018-05-25,0
805,2018-05-26,0
806,2018-05-27,0
807,2018-05-28,0
808,2018-05-29,0
809,2018-05-30,0
810,2018-05-31,0
811,2018-06-01,0
812,2018-06-02,0
813,2018-06-03,0
814,2018-06-04,0
815,2018-06-05,0
816,2018-06-06,0
817,2018-06-07,0
818,2018-06-08,0
819,2018-06-09,0
820,2018-06-10,0
821,2018-06-11,0
822,2018-06-12,0
823,2018-06-13,0
824,2018-06-14,0
825,2018-06-15,0
826,2018-06-16,0
827,2018-06-17,0
828,2018-06-18,0
829,2018-06-19,0
830,2018-06-20,0
831,2018-06-21,0
832,2018-06-22,0
833,2018-06-23,0
834,2018-06-24,0
835,2018-06-25,0
836,2018-06-26,0
837,2018-06-27,0
838,2018-06-28,0
839,2018-06-29,0
840,2018-06-30,0
841,2018-07-01,0
842,2018-07-02,0
843,2018-07-03,0
844,2018-07-04,0
845,2018-07-05,0
846,2018-07-06,0
847,2018-07-07,0
848,2018-07-08,0
849,2018-07-09,0
850,2018-07-10,0
851,2018-07-11,0
852,2018-07-12,0
853,2018-07-13,0
854,2018-07-14,0
855,2018-07-15,0
856,2018-07-16,0
857,2018-07-17,0
858,2018-07-18,0
859,2018-07-19,0
860,2018-07-20,0
861,2018-07-21,0
862,2018-07-22,0
863,2018-07-23,0
864,2018-07-24,0
865,2018-07-25,0
866,2018-07-26,0
867,2018-07-27,0
868,2018-07-28,0
869,2018-07-29,0
870,2018-07-30,0
871,2018-07-31,0
872,2018-08-01,0
873,2018-08-02,0
874,2018-08-03,0
875,2018-08-04,0
876,2018-08-05,0
877,2018-08-06,0
878,2018-08-07,0
879,2018-08-08,0
880,2018-08-09,0
881,2018-08-10,0
882,2018-08-11,0
883,2018-08-12,0
884,2018-08-13,0
885,2018-08-14,0
886,2018-08-15,0
887,2018-08-16,0
888,2018-08-17,0
889,2018-08-18,0
890,2018-08-19,0
891,2018-08-20,0
892,2018-08-21,0
893,2018-08-22,0
894,2018-08-23,0
895,2018-08-24,0
896,2018-08-25,0
897,2018-08-26,0
898,2018-08-27,0
899,2018-08-28,0
900,2018-08-29,0
901,2018-08-30,0
902,2018-08-31,0
903,2018-09-01,0
904,2018-09-02,0
905,2018-09-03,0
906,2018-09-04,0
907,2018-09-05,0
908,2018-09-06,0
909,2018-09-07,0
910,2018-09-08,0
911,2018-09-09,0
912,2018-09-10,0
913,2018-09-11,0
914,2018-09-12,0
915,2018-09-13,0
916,2018-09-14,0
917,2018-09-15,0
918,2018-09-16,0
919,2018-09-17,0
920,2018-09-18,0
921,2018-09-19,0
922,2018-09-20,0
923,2018-09-21,0
924,2018-09-22,0
925,2018-09-23,0
926,2018-09-24,0
927,2018-09-25,0
928,2018-09-26,0
929,2018-09-27,0
930,2018-09-28,0
931,2018-09-29,0
932,2018-09-30,0
933,2018-10-01,0
934,2018-10-02,0
935,2018-10-03,0
936,2018-10-04,0
937,2018-10-05,0
938,2018-10-06,0
939,2018-10-07,0
940,2018-10-08,0
941,2018-10-09,0
942,2018-10-10,0
943,2018-10-11,0
944,2018-10-12,0
945,2018-10-13,0
946,2018-10-14,0
947,2018-10-15,0
948,2018-10-16,0
949,2018-10-17,0
950,2018-10-18,0
951,2018-10-19,0
952,2018-10-20,0
953,2018-10-21,0
954,2018-10-22,0
955,2018-10-23,0
956,2018-10-24,0
957,2018-10-25,0
958,2018-10-26,0
959,2018-10-27,0
960,2018-10-28,0
961,2018-10-29,0
962,2018-10-30,0
963,2018-10-31,0
964,2018-11-01,0
965,2018-11-02,0
966,2018-11-03,0
967,2018-11-04,0
968,2018-11-05,0
969,2018-11-06,0
970,2018-11-07,0
971,2018-11-08,0
972,2018-11-09,0
973,2018-11-10,0
974,2018-11-11,0
975,2018-11-12,0
976,2018-11-13,0
977,2018-11-14,0
978,2018-11-15,0
979,2018-11-16,0
980,2018-11-17,0
981,2018-11-18,0
982,2018-11-19,0
983,2018-11-20,0
984,2018-11-21,0
985,2018-11-22,0
986,2018-11-23,0
987,2018-11-24,0
988,2018-11-25,0
989,2018-11-26,0
990,2018-11-27,0
991,2018-11-28,0
992,2018-11-29,0
993,2018-11-30,0
994,2018-12-01,0
995,2018-12-02,0
996,2018-12-03,0
997,2018-12-04,0
998,2018-12-05,0
999,2018-12-06,0
1000,2018-12-07,0
1001,2018-12-08,0
1002,2018-12-09,0
1003,2018-12-10,0
1004,2018-12-11,0
1005,2018-12-12,0
1006,2018-12-13,0
1007,2018-12-14,0
1008,2018-12-15,0
1009,2018-12-16,0
1010,2018-12-17,0
1011,2018-12-18,0
1012,2018-12-19,0
1013,2018-12-20,0
1014,2018-12-21,0
1015,2018-12-22,0
1016,2018-12-23,0
1017,2018-12-24,0
1018,2018-12-25,0
1019,2018-12-26,0
1020,2018-12-27,0
1021,2018-12-28,0
1022,2018-12-29,0
1023,2018-12-30,0
1024,2018-12-31,0
1025,2019-01-01,0
1026,2019-01-02,0
1027,2019-01-03,0
1028,2019-01-04,0
1029,2019-01-05,0
1030,2019-01-06,0
1031,2019-01-07,0
1032,2019-01-08,0
1033,2019-01-09,0
1034,2019-01-10,0
1035,2019-01-11,0
1036,2019-01-12,0
1037,2019-01-13,0
1038,2019-01-14,0
1039,2019-01-15,0
1040,2019-01-16,0
1041,2019-01-17,0
1042,2019-01-18,0
1043,2019-01-19,0
1044,2019-01-20,0
1045,2019-01-21,0
1046,2019-01-22,0
1047,2019-01-23,0
1048,2019-01-24,0
1049,2019-01-25,0
1050,2019-01-26,0
1051,2019-01-27,0
1052,2019-01-28,0
1053,2019-01-29,0
1054,2019-01-30,0
1055,2019-01-31,0
1056,2019-02-01,0
1057,2019-02-02,0
1058,2019-02-03,0
1059,2019-02-04,0
1060,2019-02-05,0
1061,2019-02-06,0
1062,2019-02-07,0
1063,2019-02-08,0
1064,2019-02-09,0
1065,2019-02-10,0
1066,2019-02-11,0
1067,2019-02-12,0
1068,2019-02-13,0
1069,2019-02-14,0
1070,2019-02-15,0
1071,2019-02-16,0
1072,2019-02-17,0
1073,2019-02-18,0
1074,2019-02-19,0
1075,2019-02-20,0
1076,2019-02-21,0
1077,2019-02-22,0
1078,2019-02-23,0
1079,2019-02-24,0
1080,2019-02-25,0
1081,2019-02-26,0
1082,2019-02-27,0
1083,2019-02-28,0
1084,2019-03-01,0
1085,2019-03-02,0
1086,2019-03-03,0
1087,2019-03-04,0
1088,2019-03-05,0
1089,2019-03-06,0
1090,2019-03-07,0
1091,2019-03-08,0
1092,2019-03-09,0
1093,2019-03-10,0
1094,2019-03-11,0
1095,2019-03-12,0
1096,2019-03-13,0
1097,2019-03-14,0
1098,2019-03-15,0
1099,2019-03-16,0
1100,2019-03-17,0
1101,2019-03-18,0
1102,2019-03-19,0
1103,2019-03-20,0
1104,2019-03-21,0
1105,2019-03-22,0
1106,2019-03-23,0
1107,2019-03-24,0
1108,2019-03-25,0
1109,2019-03-26,0
1110,2019-03-27,0
1111,2019-03-28,0
1112,2019-03-29,0
1113,2019-03-30,0
1114,2019-03-31,0
1115,2019-04-01,0
1116,2019-04-02,0
1117,2019-04-03,0
1118,2019-04-04,0
1119,2019-04-05,0
1120,2019-04-06,0
1121,2019-04-07,0
1122,2019-04-08,0
1123,2019-04-09,0
1124,2019-04-10,0
1125,2019-04-11,0
1126,2019-04-12,0
1127,2019-04-13,0
1128,2019-04-14,0
1129,2019-04-15,0
1130,2019-04-16,0
1131,2019-04-17,0
1132,2019-04-18,0
1133,2019-04-19,0
1134,2019-04-20,0
1135,2019-04-21,0
1136,2019-04-22,0
1137,2019-04-23,0
1138,2019-04-24,0
1139,2019-04-25,0
1140,2019-04-26,0
1141,2019-04-27,0
1142,2019-04-28,0
1143,2019-04-29,0
1144,2019-04-30,0
1145,2019-05-01,0
1146,2019-05-02,0
1147,2019-05-03,0
1148,2019-05-04,0
1149,2019-05-05,0
1150,2019-05-06,0
1151,2019-05-07,0
1152,2019-05-08,0
1153,2019-05-09,0
1154,2019-05-10,0
1155,2019-05-11,0
1156,2019-05-12,0
1157,2019-05-13,0
1158,2019-05-14,0
1159,2019-05-15,0
1160,2019-05-16,0
1161,2019-05-17,0
1162,2019-05-18,0
1163,2019-05-19,0
1164,2019-05-20,0
1165,2019-05-21,0
1166,2019-05-22,0
1167,2019-05-23,0
1168,2019-05-24,0
1169,2019-05-25,0
1170,2019-05-26,0
1171,2019-05-27,0
1172,2019-05-28,0
1173,2019-05-29,0
1174,2019-05-30,0
1175,2019-05-31,0
1176,2019-06-01,0
1177,2019-06-02,0
1178,2019-06-03,0
1179,2019-06-04,0
1180,2019-06-05,0
1181,2019-06-06,0
1182,2019-06-07,0
1183,2019-06-08,0
1184,2019-06-09,0
1185,2019-06-10,0
1186,2019-06-11,0
1187,2019-06-12,0
1188,2019-06-13,0
1189,2019-06-14,0
1190,2019-06-15,0
1191,2019-06-16,0
1192,2019-06-17,0
1193,2019-06-18,0
1194,2019-06-19,0
1195,2019-06-20,0
1196,2019-06-21,0
1197,2019-06-22,0
1198,2019-06-23,0
1199,2019-06-24,0
1200,2019-06-25,0
1201,2019-06-26,0
1202,2019-06-27,0
1203,2019-06-28,0
1204,2019-06-29,0
1205,2019-06-30,0
1206,2019-07-01,0
1207,2019-07-02,0
1208,2019-07-03,0
1209,2019-07-04,0
1210,2019-07-05,0
1211,2019-07-06,0
1212,2019-07-07,0
1213,2019-07-08,0
1214,2019-07-09,0
1215,2019-07-10,0
1216,2019-07-11,0
1217,2019-07-12,0
1218,2019-07-13,0
1219,2019-07-14,0
1220,2019-07-15,0
1221,2019-07-16,0
1222,2019-07-17,0
1223,2019-07-18,0
1224,2019-07-19,0
1225,2019-07-20,0
1226,2019-07-21,0
1227,2019-07-22,0
1228,2019-07-23,0
1229,2019-07-24,0
1230,2019-07-25,0
1231,2019-07-26,0
1232,2019-07-27,0
1233,2019-07-28,0
1234,2019-07-29,0
1235,2019-07-30,0
1236,2019-07-31,0
1237,2019-08-01,0
1238,2019-08-02,0
1239,2019-08-03,0
1240,2019-08-04,0
1241,2019-08-05,0
1242,2019-08-06,0
1243,2019-08-07,0
1244,2019-08-08,0
1245,2019-08-09,0
1246,2019-08-10,0
1247,2019-08-11,0
1248,2019-08-12,0
1249,2019-08-13,0
1250,2019-08-14,0
1251,2019-08-15,0
1252,2019-08-16,0
1253,2019-08-17,0
1254,2019-08-18,0
1255,2019-08-19,0
1256,2019-08-20,0
1257,2019-08-21,0
1258,2019-08-22,0
1259,2019-08-23,0
1260,2019-08-24,0
1261,2019-08-25,0
1262,2019-08-26,0
1263,2019-08-27,0
1264,2019-08-28,0
1265,2019-08-29,0
1266,2019-08-30,0
1267,2019-08-31,0
1268,2019-09-01,0
1269,2019-09-02,0
1270,2019-09-03,0
1271,2019-09-04,0
1272,2019-09-05,0
1273,2019-09-06,0
1274,2019-09-07,0
1275,2019-09-08,0
1276,2019-09-09,0
1277,2019-09-10,0
1278,2019-09-11,0
1279,2019-09-12,0
1280,2019-09-13,0
1281,2019-09-14,0
1282,2019-09-15,0
1283,2019-09-16,0
1284,2019-09-17,0
1285,2019-09-18,0
1286,2019-09-19,0
1287,2019-09-20,0
1288,2019-09-21,0
1289,2019-09-22,0
1290,2019-09-23,0
1291,2019-09-24,0
1292,2019-09-25,0
1293,2019-09-26,0
1294,2019-09-27,0
1295,2019-09-28,0
1296,2019-09-29,0
1297,2019-09-30,0
1298,2019-10-01,0
1299,2019-10-02,0
1300,2019-10-03,0
1301,2019-10-04,0
1302,2019-10-05,0
1303,2019-10-06,0
1304,2019-10-07,0
1305,2019-10-08,0
1306,2019-10-09,0
1307,2019-10-10,0
1308,2019-10-11,0
1309,2019-10-12,0
1310,2019-10-13,0
1311,2019-10-14,0
1312,2019-10-15,0
1313,2019-10-16,0
1314,2019-10-17,0
1315,2019-10-18,0
1316,2019-10-19,0
1317,2019-10-20,0
1318,2019-10-21,0
1319,2019-10-22,0
1320,2019-10-23,0
1321,2019-10-24,0
1322,2019-10-25,0
1323,2019-10-26,0
1324,2019-10-27,0
1325,2019-10-28,0
1326,2019-10-29,0
1327,2019-10-30,0
1328,2019-10-31,0
1329,2019-11-01,0
1330,2019-11-02,0
1331,2019-11-03,0
1332,2019-11-04,0
1333,2019-11-05,0
1334,2019-11-06,0
1335,2019-11-07,0
1336,2019-11-08,0
1337,2019-11-09,0
1338,2019-11-10,0
1339,2019-11-11,0
1340,2019-11-12,0
1341,2019-11-13,0
1342,2019-11-14,0
1343,2019-11-15,0
1344,2019-11-16,0
1345,2019-11-17,0
1346,2019-11-18,0
1347,2019-11-19,0
1348,2019-11-20,0
1349,2019-11-21,0
1350,2019-11-22,0
1351,2019-11-23,0
1352,2019-11-24,0
1353,2019-11-25,0
1354,2019-11-26,0
1355,2019-11-27,0
1356,2019-11-28,0
1357,2019-11-29,0
1358,2019-11-30,0
1359,2019-12-01,0
1360,2019-12-02,0
1361,2019-12-03,0
1362,2019-12-04,0
1363,2019-12-05,0
1364,2019-12-06,0
1365,2019-12-07,0
1366,2019-12-08,0
1367,2019-12-09,0
1368,2019-12-10,0
1369,2019-12-11,0
1370,2019-12-12,0
1371,2019-12-13,0
1372,2019-12-14,0
1373,2019-12-15,0
1374,2019-12-16,0
1375,2019-12-17,0
1376,2019-12-18,0
1377,2019-12-19,0
1378,2019-12-20,0
1379,2019-12-21,0
1380,2019-12-22,0
1381,2019-12-23,0
1382,2019-12-24,0
1383,2019-12-25,0
1384,2019-12-26,0
1385,2019-12-27,0
1386,2019-12-28,0
1387,2019-12-29,0
1388,2019-12-30,0
1389,2019-12-31,0
1390,2020-01-01,0
1391,2020-01-02,0
1392,2020-01-03,0
1393,2020-01-04,0
1394,2020-01-05,0
1395,2020-01-06,0
1396,2020-01-07,0
1397,2020-01-08,0
1398,2020-01-09,0
1399,2020-01-10,0
1400,2020-01-11,0
1401,2020-01-12,0
1402,2020-01-13,0
1403,2020-01-14,0
1404,2020-01-15,0
1405,2020-01-16,0
1406,2020-01-17,0
1407,2020-01-18,0
1408,2020-01-19,0
1409,2020-01-20,0
1410,2020-01-21,0
1411,2020-01-22,0
1412,2020-01-23,0
1413,2020-01-24,0
1414,2020-01-25,0
1415,2020-01-26,0
1416,2020-01-27,0
1417,2020-01-28,0
1418,2020-01-29,0
1419,2020-01-30,0
1420,2020-01-31,0
1421,2020-02-01,0
1422,2020-02-02,0
1423,2020-02-03,0
1424,2020-02-04,0
1425,2020-02-05,0
1426,2020-02-06,0
1427,2020-02-07,0
1428,2020-02-08,0
1429,2020-02-09,0
1430,2020-02-10,0
1431,2020-02-11,0
1432,2020-02-12,0
1433,2020-02-13,0
1434,2020-02-14,0
1435,2020-02-15,0
1436,2020-02-16,0
1437,2020-02-17,0
1438,2020-02-18,0
1439,2020-02-19,0
1440,2020-02-20,0
1441,2020-02-21,0
1442,2020-02-22,0
1443,2020-02-23,0
1444,2020-02-24,0
1445,2020-02-25,0
1446,2020-02-26,0
1447,2020-02-27,0
1448,2020-02-28,0
1449,2020-02-29,0
1450,2020-03-01,0
1451,2020-03-02,0
1452,2020-03-03,0
1453,2020-03-04,0
1454,2020-03-05,0
1455,2020-03-06,0
1456,2020-03-07,0
1457,2020-03-08,0
1458,2020-03-09,0
1459,2020-03-10,0
1460,2020-03-11,0
1461,2020-03-12,0
1462,2020-03-13,0
1463,2020-03-14,0
1464,2020-03-15,0
1465,2020-03-16,0
1466,2020-03-17,0
1467,2020-03-18,0
1468,2020-03-19,0
1469,2020-03-20,0
1470,2020-03-21,0
1471,2020-03-22,0
1472,2020-03-23,0
1473,2020-03-24,0
1474,2020-03-25,0
1475,2020-03-26,0
1476,2020-03-27,0
1477,2020-03-28,0
1478,2020-03-29,0
1479,2020-03-30,0
1480,2020-03-31,0
1481,2020-04-01,0
1482,2020-04-02,0
1483,2020-04-03,0
1484,2020-04-04,0
1485,2020-04-05,0
1486,2020-04-06,0
1487,2020-04-07,0
1488,2020-04-08,0
1489,2020-04-09,0
1490,2020-04-10,0
1491,2020-04-11,0
1492,2020-04-12,0
1493,2020-04-13,0
1494,2020-04-14,0
1495,2020-04-15,0
1496,2020-04-16,0
1497,2020-04-17,0
1498,2020-04-18,0
1499,2020-04-19,0
1500,2020-04-20,0
1501,2020-04-21,0
1502,2020-04-22,0
1503,2020-04-23,0
1504,2020-04-24,0
1505,2020-04-25,0
1506,2020-04-26,0
1507,2020-04-27,0
1508,2020-04-28,0
1509,2020-04-29,0
1510,2020-04-30,0
1511,2020-05-01,0
1512,2020-05-02,0
1513,2020-05-03,0
1514,2020-05-04,0
1515,2020-05-05,0
1516,2020-05-06,0
1517,2020-05-07,0
1518,2020-05-08,0
1519,2020-05-09,0
1520,2020-05-10,0
1521,2020-05-11,0
1522,2020-05-12,0
1523,2020-05-13,0
1524,2020-05-14,0
1525,2020-05-15,0
1526,2020-05-16,0
1527,2020-05-17,0
1528,2020-05-18,0
1529,2020-05-19,0
1530,2020-05-20,0
1531,2020-05-21,0
1532,2020-05-22,0
1533,2020-05-23,0
1534,2020-05-24,0
1535,2020-05-25,0
1536,2020-05-26,0
1537,2020-05-27,0
1538,2020-05-28,0
1539,2020-05-29,0
1540,2020-05-30,0
1541,2020-05-31,2
1542,2020-06-01,1
1543,2020-06-02,0
1544,2020-06-03,1
1545,2020-06-04,0
1546,2020-06-05,0
1547,2020-06-06,0
1548,2020-06-07,0
1549,2020-06-08,0
1550,2020-06-09,0
1551,2020-06-10,0
1552,2020-06-11,1
1553,2020-06-12,0
1554,2020-06-13,0
1555,2020-06-14,0
1556,2020-06-15,0
1557,2020-06-16,0
1558,2020-06-17,1
1559,2020-06-18,0
1560,2020-06-19,0
1561,2020-06-20,0
1562,2020-06-21,0
1563,2020-06-22,1
1564,2020-06-23,0
1565,2020-06-24,0
1566,2020-06-25,0
1567,2020-06-26,0
1568,2020-06-27,0
1569,2020-06-28,0
1570,2020-06-29,0
1571,2020-06-30,0
1572,2020-07-01,0
1573,2020-07-02,0
1574,2020-07-03,0
1575,2020-07-04,0
1576,2020-07-05,0
1577,2020-07-06,0
1578,2020-07-07,0
1579,2020-07-08,0
1580,2020-07-09,0
1581,2020-07-10,0
1582,2020-07-11,0
1583,2020-07-12,0
1584,2020-07-13,0
1585,2020-07-14,1
1586,2020-07-15,1
1587,2020-07-16,0
1588,2020-07-17,0
1589,2020-07-18,0
1590,2020-07-19,0
1591,2020-07-20,0
1592,2020-07-21,0
1593,2020-07-22,1
1594,2020-07-23,1
1595,2020-07-24,0
1596,2020-07-25,0
1597,2020-07-26,0
1598,2020-07-27,0
1599,2020-07-28,0
1600,2020-07-29,1
1601,2020-07-30,0
1602,2020-07-31,0
1603,2020-08-01,0
1604,2020-08-02,1
1605,2020-08-03,1
1606,2020-08-04,0
1607,2020-08-05,0
1608,2020-08-06,0
1609,2020-08-07,0
1610,2020-08-08,0
1611,2020-08-09,0
1612,2020-08-10,3
1613,2020-08-11,2
1614,2020-08-12,1
1615,2020-08-13,5
1616,2020-08-14,4
1617,2020-08-15,5
1618,2020-08-16,0
1619,2020-08-17,4
1620,2020-08-18,0
1621,2020-08-19,0
1622,2020-08-20,0
1623,2020-08-21,0
1624,2020-08-22,0
1625,2020-08-23,0
1626,2020-08-24,0
1627,2020-08-25,0
1628,2020-08-26,0
1629,2020-08-27,0
1630,2020-08-28,2
1631,2020-08-29,0
1632,2020-08-30,0
1633,2020-08-31,0
1634,2020-09-01,0
1635,2020-09-02,3
1636,2020-09-03,0
1637,2020-09-04,0
1638,2020-09-05,0
1639,2020-09-06,0
1640,2020-09-07,0
1641,2020-09-08,0
1642,2020-09-09,0
1643,2020-09-10,0
1644,2020-09-11,0
1645,2020-09-12,0
1646,2020-09-13,0
1647,2020-09-14,0
1648,2020-09-15,0
1649,2020-09-16,0
1650,2020-09-17,0
1651,2020-09-18,0
1652,2020-09-19,0
1653,2020-09-20,0
1654,2020-09-21,0
1655,2020-09-22,0
1656,2020-09-23,0
1657,2020-09-24,0
1658,2020-09-25,0
1659,2020-09-26,0
1660,2020-09-27,0
1661,2020-09-28,0
1662,2020-09-29,0
1663,2020-09-30,0
1664,2020-10-01,0
1665,2020-10-02,0
1666,2020-10-03,0
1667,2020-10-04,0
1668,2020-10-05,0
1669,2020-10-06,0
1670,2020-10-07,0
1671,2020-10-08,0
1672,2020-10-09,0
1673,2020-10-10,0
1674,2020-10-11,0
1675,2020-10-12,0
1676,2020-10-13,0
1677,2020-10-14,0
1678,2020-10-15,0
1679,2020-10-16,0
1680,2020-10-17,0
1681,2020-10-18,0
1682,2020-10-19,0
1683,2020-10-20,0
1684,2020-10-21,0
1685,2020-10-22,0
1686,2020-10-23,0
1687,2020-10-24,0
1688,2020-10-25,0
1689,2020-10-26,0
1690,2020-10-27,0
1691,2020-10-28,0
1692,2020-10-29,0
1693,2020-10-30,0
1694,2020-10-31,0
1695,2020-11-01,0
1696,2020-11-02,0
1697,2020-11-03,0
1698,2020-11-04,4
1699,2020-11-05,0
1700,2020-11-06,0
1701,2020-11-07,0
1702,2020-11-08,0
1703,2020-11-09,0
1704,2020-11-10,0
1705,2020-11-11,0
1706,2020-11-12,0
1707,2020-11-13,0
1708,2020-11-14,0
1709,2020-11-15,0
1710,2020-11-16,0
1711,2020-11-17,0
1712,2020-11-18,0
1713,2020-11-19,0
1714,2020-11-20,0
1715,2020-11-21,0
1716,2020-11-22,0
1717,2020-11-23,0
1718,2020-11-24,0
1719,2020-11-25,0
1720,2020-11-26,0
1721,2020-11-27,0
1722,2020-11-28,0
1723,2020-11-29,0
1724,2020-11-30,0
1725,2020-12-01,0
1726,2020-12-02,0
1727,2020-12-03,0
1728,2020-12-04,0
1729,2020-12-05,0
1730,2020-12-06,0
1731,2020-12-07,0
1732,2020-12-08,0
1733,2020-12-09,0
1734,2020-12-10,0
1735,2020-12-11,0
1736,2020-12-12,0
1737,2020-12-13,0
1738,2020-12-14,0
1739,2020-12-15,0
1740,2020-12-16,0
1741,2020-12-17,1
