Date,Number of Events,Total AvgTone
2015-01-08,1,2.00777202072539
2015-01-09,0,0.0
2015-01-10,0,0.0
2015-01-11,0,0.0
2015-01-12,0,0.0
2015-01-13,0,0.0
2015-01-14,0,0.0
2015-01-15,0,0.0
2015-01-16,0,0.0
2015-01-17,0,0.0
2015-01-18,0,0.0
2015-01-19,4,10.34087387666563
2015-01-20,0,0.0
2015-01-21,0,0.0
2015-01-22,0,0.0
2015-01-23,0,0.0
2015-01-24,0,0.0
2015-01-25,0,0.0
2015-01-26,0,0.0
2015-01-27,0,0.0
2015-01-28,0,0.0
2015-01-29,0,0.0
2015-01-30,1,0.5
2015-01-31,0,0.0
2015-02-01,0,0.0
2015-02-02,0,0.0
2015-02-03,0,0.0
2015-02-04,0,0.0
2015-02-05,0,0.0
2015-02-06,0,0.0
2015-02-07,0,0.0
2015-02-08,0,0.0
2015-02-09,0,0.0
2015-02-10,0,0.0
2015-02-11,0,0.0
2015-02-12,0,0.0
2015-02-13,0,0.0
2015-02-14,0,0.0
2015-02-15,0,0.0
2015-02-16,0,0.0
2015-02-17,0,0.0
2015-02-18,0,0.0
2015-02-19,0,0.0
2015-02-20,0,0.0
2015-02-21,0,0.0
2015-02-22,1,-1.9036954087346
2015-02-23,0,0.0
2015-02-24,0,0.0
2015-02-25,0,0.0
2015-02-26,0,0.0
2015-02-27,0,0.0
2015-02-28,0,0.0
2015-03-01,0,0.0
2015-03-02,0,0.0
2015-03-03,0,0.0
2015-03-04,1,4.12541254125412
2015-03-05,0,0.0
2015-03-06,0,0.0
2015-03-07,0,0.0
2015-03-08,0,0.0
2015-03-09,0,0.0
2015-03-10,0,0.0
2015-03-11,0,0.0
2015-03-12,0,0.0
2015-03-13,0,0.0
2015-03-14,0,0.0
2015-03-15,0,0.0
2015-03-16,1,-2.64623955431755
2015-03-17,0,0.0
2015-03-18,0,0.0
2015-03-19,0,0.0
2015-03-20,0,0.0
2015-03-21,0,0.0
2015-03-22,0,0.0
2015-03-23,0,0.0
2015-03-24,0,0.0
2015-03-25,0,0.0
2015-03-26,1,-5.0
2015-03-27,0,0.0
2015-03-28,0,0.0
2015-03-29,0,0.0
2015-03-30,0,0.0
2015-03-31,0,0.0
2015-04-01,1,-4.43318556048132
2015-04-02,0,0.0
2015-04-03,1,1.90217391304348
2015-04-04,0,0.0
2015-04-05,0,0.0
2015-04-06,0,0.0
2015-04-07,0,0.0
2015-04-08,0,0.0
2015-04-09,1,-3.89378762913443
2015-04-10,0,0.0
2015-04-11,0,0.0
2015-04-12,0,0.0
2015-04-13,0,0.0
2015-04-14,0,0.0
2015-04-15,0,0.0
2015-04-16,0,0.0
2015-04-17,0,0.0
2015-04-18,1,-4.45859872611465
2015-04-19,0,0.0
2015-04-20,0,0.0
2015-04-21,0,0.0
2015-04-22,0,0.0
2015-04-23,0,0.0
2015-04-24,0,0.0
2015-04-25,0,0.0
2015-04-26,0,0.0
2015-04-27,0,0.0
2015-04-28,6,-61.79619493566503
2015-04-29,2,-10.714961449316501
2015-04-30,3,-18.87982277203843
2015-05-01,2,-5.22696011004126
2015-05-02,2,-9.68992248062016
2015-05-03,0,0.0
2015-05-04,0,0.0
2015-05-05,0,0.0
2015-05-06,1,-12.6373626373626
2015-05-07,1,-9.34579439252341
2015-05-08,0,0.0
2015-05-09,0,0.0
2015-05-10,0,0.0
2015-05-11,0,0.0
2015-05-12,0,0.0
2015-05-13,2,2.03045685279188
2015-05-14,0,0.0
2015-05-15,2,-5.73248407643312
2015-05-16,2,-10.98934550989344
2015-05-17,0,0.0
2015-05-18,0,0.0
2015-05-19,0,0.0
2015-05-20,0,0.0
2015-05-21,0,0.0
2015-05-22,0,0.0
2015-05-23,0,0.0
2015-05-24,2,-8.74940561103186
2015-05-25,0,0.0
2015-05-26,0,0.0
2015-05-27,2,-8.85458109900248
2015-05-28,0,0.0
2015-05-29,1,-5.54317548746518
2015-05-30,0,0.0
2015-05-31,0,0.0
2015-06-01,0,0.0
2015-06-02,0,0.0
2015-06-03,0,0.0
2015-06-04,0,0.0
2015-06-05,0,0.0
2015-06-06,1,-3.48258706467662
2015-06-07,0,0.0
2015-06-08,0,0.0
2015-06-09,0,0.0
2015-06-10,0,0.0
2015-06-11,1,-5.36912751677852
2015-06-12,1,1.36736554238833
2015-06-13,1,-7.27669160956235
2015-06-14,0,0.0
2015-06-15,0,0.0
2015-06-16,0,0.0
2015-06-17,0,0.0
2015-06-18,0,0.0
2015-06-19,0,0.0
2015-06-20,0,0.0
2015-06-21,0,0.0
2015-06-22,0,0.0
2015-06-23,0,0.0
2015-06-24,0,0.0
2015-06-25,0,0.0
2015-06-26,0,0.0
2015-06-27,1,-7.01330108827086
2015-06-28,0,0.0
2015-06-29,0,0.0
2015-06-30,0,0.0
2015-07-01,0,0.0
2015-07-02,2,-1.78571428571428
2015-07-03,0,0.0
2015-07-04,1,0.13071895424837
2015-07-05,0,0.0
2015-07-06,0,0.0
2015-07-07,3,-1.65359600142209
2015-07-08,1,-7.42358078602622
2015-07-09,1,-2.58964143426294
2015-07-10,1,-7.64705882352938
2015-07-11,0,0.0
2015-07-12,0,0.0
2015-07-13,1,0.60060060060061
2015-07-14,1,-0.74906367041199
2015-07-15,0,0.0
2015-07-16,1,0.11792452830189
2015-07-17,1,-2.51630941286114
2015-07-18,0,0.0
2015-07-19,0,0.0
2015-07-20,2,-0.0816659861167804
2015-07-21,1,-8.50202429149799
2015-07-22,1,-8.984375
2015-07-23,0,0.0
2015-07-24,1,-2.71028037383178
2015-07-25,0,0.0
2015-07-26,0,0.0
2015-07-27,0,0.0
2015-07-28,0,0.0
2015-07-29,0,0.0
2015-07-30,0,0.0
2015-07-31,0,0.0
2015-08-01,0,0.0
2015-08-02,0,0.0
2015-08-03,0,0.0
2015-08-04,1,-0.68881685575365
2015-08-05,0,0.0
2015-08-06,0,0.0
2015-08-07,1,-3.88349514563107
2015-08-08,0,0.0
2015-08-09,1,-6.41592920353982
2015-08-10,0,0.0
2015-08-11,1,-6.37119113573407
2015-08-12,0,0.0
2015-08-13,1,-7.24299065420561
2015-08-14,0,0.0
2015-08-15,0,0.0
2015-08-16,0,0.0
2015-08-17,1,-4.84519026234933
2015-08-18,0,0.0
2015-08-19,0,0.0
2015-08-20,0,0.0
2015-08-21,1,0.41666666666666
2015-08-22,1,-10.3531730088581
2015-08-23,0,0.0
2015-08-24,0,0.0
2015-08-25,0,0.0
2015-08-26,1,-9.0909090909091
2015-08-27,0,0.0
2015-08-28,2,-4.83870967741936
2015-08-29,0,0.0
2015-08-30,0,0.0
2015-08-31,0,0.0
2015-09-01,1,-6.6907775768535
2015-09-02,0,0.0
2015-09-03,0,0.0
2015-09-04,0,0.0
2015-09-05,0,0.0
2015-09-06,0,0.0
2015-09-07,0,0.0
2015-09-08,0,0.0
2015-09-09,0,0.0
2015-09-10,0,0.0
2015-09-11,0,0.0
2015-09-12,0,0.0
2015-09-13,1,-10.01221001221
2015-09-14,0,0.0
2015-09-15,0,0.0
2015-09-16,0,0.0
2015-09-17,0,0.0
2015-09-18,0,0.0
2015-09-19,0,0.0
2015-09-20,0,0.0
2015-09-21,0,0.0
2015-09-22,0,0.0
2015-09-23,0,0.0
2015-09-24,0,0.0
2015-09-25,0,0.0
2015-09-26,0,0.0
2015-09-27,0,0.0
2015-09-28,0,0.0
2015-09-29,0,0.0
2015-09-30,0,0.0
2015-10-01,2,-11.22565864833906
2015-10-02,0,0.0
2015-10-03,0,0.0
2015-10-04,0,0.0
2015-10-05,0,0.0
2015-10-06,0,0.0
2015-10-07,0,0.0
2015-10-08,0,0.0
2015-10-09,1,-6.09480812641084
2015-10-10,0,0.0
2015-10-11,0,0.0
2015-10-12,0,0.0
2015-10-13,0,0.0
2015-10-14,0,0.0
2015-10-15,0,0.0
2015-10-16,0,0.0
2015-10-17,0,0.0
2015-10-18,0,0.0
2015-10-19,0,0.0
2015-10-20,1,-8.16326530612245
2015-10-21,0,0.0
2015-10-22,0,0.0
2015-10-23,0,0.0
2015-10-24,0,0.0
2015-10-25,0,0.0
2015-10-26,0,0.0
2015-10-27,0,0.0
2015-10-28,0,0.0
2015-10-29,1,-4.90874764002517
2015-10-30,0,0.0
2015-10-31,0,0.0
2015-11-01,0,0.0
2015-11-02,0,0.0
2015-11-03,0,0.0
2015-11-04,0,0.0
2015-11-05,2,-4.4943820224719
2015-11-06,0,0.0
2015-11-07,0,0.0
2015-11-08,0,0.0
2015-11-09,0,0.0
2015-11-10,0,0.0
2015-11-11,0,0.0
2015-11-12,0,0.0
2015-11-13,2,-9.17431192660552
2015-11-14,1,-6.73684210526316
2015-11-15,1,-5.41259398496241
2015-11-16,2,-5.20083670751557
2015-11-17,1,-5.78512396694215
2015-11-18,0,0.0
2015-11-19,1,-6.57894736842106
2015-11-20,1,-6.39656663573545
2015-11-21,0,0.0
2015-11-22,0,0.0
2015-11-23,0,0.0
2015-11-24,0,0.0
2015-11-25,2,-12.24023510166784
2015-11-26,1,-0.86519676248953
2015-11-27,1,-8.58085808580858
2015-11-28,2,-13.87535835203467
2015-11-29,0,0.0
2015-11-30,0,0.0
2015-12-01,2,-12.78958139220916
2015-12-02,2,-11.71409707458061
2015-12-03,0,0.0
2015-12-04,0,0.0
2015-12-05,1,-9.14634146341463
2015-12-06,4,-26.0061919504644
2015-12-07,0,0.0
2015-12-08,0,0.0
2015-12-09,1,-5.0
2015-12-10,2,-11.41247043289166
2015-12-11,1,-4.80116448326055
2015-12-12,0,0.0
2015-12-13,0,0.0
2015-12-14,0,0.0
2015-12-15,0,0.0
2015-12-16,0,0.0
2015-12-17,0,0.0
2015-12-18,3,-13.705583756345192
2015-12-19,1,-4.56852791878173
2015-12-20,0,0.0
2015-12-21,1,-5.08474576271187
2015-12-22,0,0.0
2015-12-23,0,0.0
2015-12-24,0,0.0
2015-12-25,1,-12.8509543352225
2015-12-26,1,-5.48302872062664
2015-12-27,0,0.0
2015-12-28,0,0.0
2015-12-29,1,-5.84996558843772
2015-12-30,0,0.0
2015-12-31,0,0.0
2016-01-01,0,0.0
2016-01-02,0,0.0
2016-01-03,0,0.0
2016-01-04,0,0.0
2016-01-05,0,0.0
2016-01-06,0,0.0
2016-01-07,0,0.0
2016-01-08,0,0.0
2016-01-09,0,0.0
2016-01-10,0,0.0
2016-01-11,0,0.0
2016-01-12,0,0.0
2016-01-13,0,0.0
2016-01-14,0,0.0
2016-01-15,0,0.0
2016-01-16,0,0.0
2016-01-17,0,0.0
2016-01-18,0,0.0
2016-01-19,0,0.0
2016-01-20,0,0.0
2016-01-21,0,0.0
2016-01-22,0,0.0
2016-01-23,0,0.0
2016-01-24,1,-6.59740427827111
2016-01-25,0,0.0
2016-01-26,0,0.0
2016-01-27,0,0.0
2016-01-28,0,0.0
2016-01-29,1,-2.75423728813559
2016-01-30,0,0.0
2016-01-31,0,0.0
2016-02-01,0,0.0
2016-02-02,0,0.0
2016-02-03,1,-0.17985669691235
2016-02-04,0,0.0
2016-02-05,0,0.0
2016-02-06,0,0.0
2016-02-07,0,0.0
2016-02-08,0,0.0
2016-02-09,0,0.0
2016-02-10,0,0.0
2016-02-11,0,0.0
2016-02-12,0,0.0
2016-02-13,0,0.0
2016-02-14,0,0.0
2016-02-15,0,0.0
2016-02-16,0,0.0
2016-02-17,0,0.0
2016-02-18,1,-7.46049246600515
2016-02-19,1,-0.5197505354881287
2016-02-20,0,0.0
2016-02-21,0,0.0
2016-02-22,0,0.0
2016-02-23,1,-5.67612687813021
2016-02-24,0,0.0
2016-02-25,0,0.0
2016-02-26,0,0.0
2016-02-27,0,0.0
2016-02-28,1,-6.49350643157959
2016-02-29,0,0.0
2016-03-01,0,0.0
2016-03-02,0,0.0
2016-03-03,0,0.0
2016-03-04,0,0.0
2016-03-05,0,0.0
2016-03-06,0,0.0
2016-03-07,0,0.0
2016-03-08,3,-6.4687086335787
2016-03-09,0,0.0
2016-03-10,1,-5.57491289198606
2016-03-11,0,0.0
2016-03-12,22,-106.8596707739262
2016-03-13,13,-89.26372783363354
2016-03-14,8,-32.77700823265807
2016-03-15,9,-45.05935452223106
2016-03-16,4,-10.039091267288814
2016-03-17,2,-10.81785249246444
2016-03-18,0,0.0
2016-03-19,0,0.0
2016-03-20,6,-39.02156722864229
2016-03-21,3,-24.58214589810931
2016-03-22,3,-5.5408970976253205
2016-03-23,1,-5.23690773067332
2016-03-24,0,0.0
2016-03-25,0,0.0
2016-03-26,0,0.0
2016-03-27,0,0.0
2016-03-28,4,-24.03648726798761
2016-03-29,2,0.40609137055838
2016-03-30,1,-2.8623222974907
2016-03-31,1,-5.4054054054054
2016-04-01,0,0.0
2016-04-02,0,0.0
2016-04-03,2,-10.73825503355704
2016-04-04,2,-7.69252247724353
2016-04-05,0,0.0
2016-04-06,0,0.0
2016-04-07,1,-3.3457249070632
2016-04-08,0,0.0
2016-04-09,0,0.0
2016-04-10,0,0.0
2016-04-11,0,0.0
2016-04-12,0,0.0
2016-04-13,0,0.0
2016-04-14,1,-5.56261919898283
2016-04-15,0,0.0
2016-04-16,2,-2.2460566349080597
2016-04-17,1,-0.4787552363854
2016-04-18,1,-0.97244732576985
2016-04-19,0,0.0
2016-04-20,2,-3.0115948805874497
2016-04-21,0,0.0
2016-04-22,0,0.0
2016-04-23,0,0.0
2016-04-24,0,0.0
2016-04-25,0,0.0
2016-04-26,0,0.0
2016-04-27,0,0.0
2016-04-28,1,-6.83962264150943
2016-04-29,1,-10.3448275862069
2016-04-30,1,-3.50318471337579
2016-05-01,1,-3.84
2016-05-02,0,0.0
2016-05-03,1,-3.97923875432526
2016-05-04,0,0.0
2016-05-05,0,0.0
2016-05-06,0,0.0
2016-05-07,1,-4.37017994858612
2016-05-08,0,0.0
2016-05-09,0,0.0
2016-05-10,0,0.0
2016-05-11,0,0.0
2016-05-12,0,0.0
2016-05-13,0,0.0
2016-05-14,0,0.0
2016-05-15,0,0.0
2016-05-16,0,0.0
2016-05-17,0,0.0
2016-05-18,0,0.0
2016-05-19,0,0.0
2016-05-20,0,0.0
2016-05-21,0,0.0
2016-05-22,0,0.0
2016-05-23,3,-13.49686433277765
2016-05-24,0,0.0
2016-05-25,6,-55.68451965041735
2016-05-26,2,-20.993796846730397
2016-05-27,1,-5.22648083623694
2016-05-28,1,1.31796074344276
2016-05-29,0,0.0
2016-05-30,0,0.0
2016-05-31,0,0.0
2016-06-01,1,-2.72727272727272
2016-06-02,0,0.0
2016-06-03,4,-26.01925609842739
2016-06-04,4,-16.363252419817762
2016-06-05,3,-11.23909126241034
2016-06-06,0,0.0
2016-06-07,0,0.0
2016-06-08,2,-13.26530612244888
2016-06-09,0,0.0
2016-06-10,4,-21.678782381899993
2016-06-11,0,0.0
2016-06-12,0,0.0
2016-06-13,0,0.0
2016-06-14,0,0.0
2016-06-15,0,0.0
2016-06-16,0,0.0
2016-06-17,0,0.0
2016-06-18,0,0.0
2016-06-19,0,0.0
2016-06-20,2,-7.94551461895563
2016-06-21,2,-7.92751981879954
2016-06-22,2,-7.41463414634146
2016-06-23,1,-0.40595399188092
2016-06-24,0,0.0
2016-06-25,1,-9.70245795601552
2016-06-26,0,0.0
2016-06-27,0,0.0
2016-06-28,0,0.0
2016-06-29,0,0.0
2016-06-30,0,0.0
2016-07-01,0,0.0
2016-07-02,0,0.0
2016-07-03,1,-10.8910891089109
2016-07-04,0,0.0
2016-07-05,0,0.0
2016-07-06,0,0.0
2016-07-07,1,-3.05232558139535
2016-07-08,4,-28.08066278472267
2016-07-09,2,-10.53084054609665
2016-07-10,0,0.0
2016-07-11,1,-2.81721371647264
2016-07-12,2,-8.63622735360327
2016-07-13,0,0.0
2016-07-14,0,0.0
2016-07-15,0,0.0
2016-07-16,1,-9.37500000000003
2016-07-17,0,0.0
2016-07-18,2,-12.5786901270772
2016-07-19,2,-11.1055189170427
2016-07-20,5,-20.973723113453723
2016-07-21,2,-6.3947078280044
2016-07-22,0,0.0
2016-07-23,1,-7.53676470588235
2016-07-24,0,0.0
2016-07-25,0,0.0
2016-07-26,1,-1.56412930135558
2016-07-27,2,-10.73446327683616
2016-07-28,5,-37.041071515192684
2016-07-29,0,0.0
2016-07-30,0,0.0
2016-07-31,0,0.0
2016-08-01,0,0.0
2016-08-02,1,-7.6271186440678
2016-08-03,0,0.0
2016-08-04,1,2.81923714759535
2016-08-05,0,0.0
2016-08-06,1,-4.53514739229025
2016-08-07,1,-5.50576184379001
2016-08-08,0,0.0
2016-08-09,1,-6.11510791366906
2016-08-10,0,0.0
2016-08-11,0,0.0
2016-08-12,0,0.0
2016-08-13,0,0.0
2016-08-14,2,-14.7887323943662
2016-08-15,2,-14.7887323943662
2016-08-16,0,0.0
2016-08-17,0,0.0
2016-08-18,1,-8.12250332889485
2016-08-19,0,0.0
2016-08-20,1,-1.63710777626194
2016-08-21,3,-8.64172222191688
2016-08-22,0,0.0
2016-08-23,0,0.0
2016-08-24,2,2.61267960211898
2016-08-25,3,-11.67738615899144
2016-08-26,0,0.0
2016-08-27,1,-12.5984251968504
2016-08-28,0,0.0
2016-08-29,2,-6.61577608142494
2016-08-30,0,0.0
2016-08-31,0,0.0
2016-09-01,0,0.0
2016-09-02,0,0.0
2016-09-03,0,0.0
2016-09-04,1,-4.25451807228915
2016-09-05,0,0.0
2016-09-06,0,0.0
2016-09-07,1,-1.31004366812227
2016-09-08,0,0.0
2016-09-09,0,0.0
2016-09-10,0,0.0
2016-09-11,0,0.0
2016-09-12,0,0.0
2016-09-13,0,0.0
2016-09-14,0,0.0
2016-09-15,0,0.0
2016-09-16,0,0.0
2016-09-17,0,0.0
2016-09-18,0,0.0
2016-09-19,0,0.0
2016-09-20,0,0.0
2016-09-21,1,-2.99123259412069
2016-09-22,2,-15.76844679983696
2016-09-23,0,0.0
2016-09-24,0,0.0
2016-09-25,0,0.0
2016-09-26,0,0.0
2016-09-27,0,0.0
2016-09-28,2,-9.631859897410529
2016-09-29,3,-12.57941820190816
2016-09-30,0,0.0
2016-10-01,0,0.0
2016-10-02,0,0.0
2016-10-03,0,0.0
2016-10-04,0,0.0
2016-10-05,0,0.0
2016-10-06,1,-3.16091954022989
2016-10-07,0,0.0
2016-10-08,0,0.0
2016-10-09,0,0.0
2016-10-10,0,0.0
2016-10-11,0,0.0
2016-10-12,0,0.0
2016-10-13,0,0.0
2016-10-14,1,-6.0
2016-10-15,0,0.0
2016-10-16,0,0.0
2016-10-17,1,-4.48929159802307
2016-10-18,0,0.0
2016-10-19,1,-2.51798561151079
2016-10-20,0,0.0
2016-10-21,2,-8.32342449464924
2016-10-22,1,-10.2079395085066
2016-10-23,0,0.0
2016-10-24,5,-25.09462999387807
2016-10-25,2,-11.68410318389546
2016-10-26,0,0.0
2016-10-27,0,0.0
2016-10-28,1,-1.32453707480218
2016-10-29,1,-2.38095238095238
2016-10-30,1,-6.0750446694461
2016-10-31,0,0.0
2016-11-01,1,-7.02811244979919
2016-11-02,0,0.0
2016-11-03,4,-23.30117729748727
2016-11-04,2,-5.24899057873486
2016-11-05,0,0.0
2016-11-06,1,-1.96936542669584
2016-11-07,1,-1.35658914728682
2016-11-08,0,0.0
2016-11-09,0,0.0
2016-11-10,13,-61.9021184924193
2016-11-11,7,-49.870090629529855
2016-11-12,3,-12.19746165201355
2016-11-13,1,-4.39306358381503
2016-11-14,1,-8.9514066496164
2016-11-15,2,-11.22448979591836
2016-11-16,0,0.0
2016-11-17,0,0.0
2016-11-18,0,0.0
2016-11-19,0,0.0
2016-11-20,2,-7.6838385716942605
2016-11-21,2,-5.604305844172609
2016-11-22,1,-2.60756192959582
2016-11-23,1,-2.08900999091735
2016-11-24,0,0.0
2016-11-25,1,-3.09734513274336
2016-11-26,1,-5.0
2016-11-27,1,-4.01785714285714
2016-11-28,1,-4.51745379876797
2016-11-29,3,-14.49143078638621
2016-11-30,6,-10.52296659016487
2016-12-01,0,0.0
2016-12-02,1,-5.73643410852714
2016-12-03,2,-9.19786096256686
2016-12-04,0,0.0
2016-12-05,0,0.0
2016-12-06,2,-6.40288853115723
2016-12-07,1,-0.22701475595914
2016-12-08,2,-8.1159420289855
2016-12-09,0,0.0
2016-12-10,0,0.0
2016-12-11,0,0.0
2016-12-12,0,0.0
2016-12-13,0,0.0
2016-12-14,1,-10.6818181818182
2016-12-15,0,0.0
2016-12-16,0,0.0
2016-12-17,0,0.0
2016-12-18,0,0.0
2016-12-19,0,0.0
2016-12-20,3,-18.92558506374656
2016-12-21,3,-18.41728727118494
2016-12-22,0,0.0
2016-12-23,1,-9.1743119266055
2016-12-24,0,0.0
2016-12-25,0,0.0
2016-12-26,1,-3.44827586206896
2016-12-27,0,0.0
2016-12-28,0,0.0
2016-12-29,0,0.0
2016-12-30,0,0.0
2016-12-31,1,-4.29720628585682
2017-01-01,0,0.0
2017-01-02,1,-6.53950953678474
2017-01-03,1,-3.75
2017-01-04,0,0.0
2017-01-05,0,0.0
2017-01-06,0,0.0
2017-01-07,0,0.0
2017-01-08,0,0.0
2017-01-09,0,0.0
2017-01-10,0,0.0
2017-01-11,0,0.0
2017-01-12,1,-5.48647262065182
2017-01-13,1,-5.98006644518272
2017-01-14,0,0.0
2017-01-15,0,0.0
2017-01-16,1,-4.6116504854369
2017-01-17,0,0.0
2017-01-18,0,0.0
2017-01-19,1,-1.43967093235831
2017-01-20,2,-7.972889959034751
2017-01-21,3,-23.98482868666982
2017-01-22,0,0.0
2017-01-23,0,0.0
2017-01-24,1,0.87719298245614
2017-01-25,0,0.0
2017-01-26,3,-9.187903569000909
2017-01-27,2,-13.06818181818182
2017-01-28,0,0.0
2017-01-29,0,0.0
2017-01-30,0,0.0
2017-01-31,0,0.0
2017-02-01,0,0.0
2017-02-02,0,0.0
2017-02-03,0,0.0
2017-02-04,0,0.0
2017-02-05,1,-3.21444724429799
2017-02-06,2,-8.92825981555561
2017-02-07,1,-3.19829424307036
2017-02-08,2,-6.34275726726359
2017-02-09,0,0.0
2017-02-10,0,0.0
2017-02-11,1,-4.58656330749354
2017-02-12,2,-15.0375939849624
2017-02-13,1,-6.38297872340426
2017-02-14,0,0.0
2017-02-15,0,0.0
2017-02-16,0,0.0
2017-02-17,0,0.0
2017-02-18,0,0.0
2017-02-19,0,0.0
2017-02-20,0,0.0
2017-02-21,4,-22.63408794295229
2017-02-22,6,-34.633301691101494
2017-02-23,1,-6.48148148148148
2017-02-24,1,-2.59067357512953
2017-02-25,0,0.0
2017-02-26,1,-5.79531442663379
2017-02-27,0,0.0
2017-02-28,1,-2.86757038581856
2017-03-01,0,0.0
2017-03-02,0,0.0
2017-03-03,0,0.0
2017-03-04,0,0.0
2017-03-05,0,0.0
2017-03-06,0,0.0
2017-03-07,0,0.0
2017-03-08,0,0.0
2017-03-09,2,-12.87284144427002
2017-03-10,5,-31.86381470136977
2017-03-11,0,0.0
2017-03-12,1,-8.21428571428571
2017-03-13,0,0.0
2017-03-14,0,0.0
2017-03-15,0,0.0
2017-03-16,1,-2.60736196319018
2017-03-17,4,-38.01418439716296
2017-03-18,1,-3.41578327444052
2017-03-19,0,0.0
2017-03-20,0,0.0
2017-03-21,0,0.0
2017-03-22,1,-4.93979623340538
2017-03-23,8,-47.76579238594035
2017-03-24,2,-5.60866794136392
2017-03-25,2,-7.67204002223456
2017-03-26,2,-5.3085600530856
2017-03-27,0,0.0
2017-03-28,0,0.0
2017-03-29,0,0.0
2017-03-30,0,0.0
2017-03-31,0,0.0
2017-04-01,1,-0.68415051311289
2017-04-02,1,-1.09676796126002
2017-04-03,0,0.0
2017-04-04,1,-1.02272727272728
2017-04-05,0,0.0
2017-04-06,0,0.0
2017-04-07,0,0.0
2017-04-08,0,0.0
2017-04-09,0,0.0
2017-04-10,0,0.0
2017-04-11,0,0.0
2017-04-12,0,0.0
2017-04-13,0,0.0
2017-04-14,0,0.0
2017-04-15,0,0.0
2017-04-16,0,0.0
2017-04-17,0,0.0
2017-04-18,0,0.0
2017-04-19,0,0.0
2017-04-20,0,0.0
2017-04-21,0,0.0
2017-04-22,0,0.0
2017-04-23,0,0.0
2017-04-24,0,0.0
2017-04-25,0,0.0
2017-04-26,0,0.0
2017-04-27,0,0.0
2017-04-28,0,0.0
2017-04-29,0,0.0
2017-04-30,1,-2.30769230769231
2017-05-01,0,0.0
2017-05-02,1,-6.10648250472416
2017-05-03,1,-4.23452768729642
2017-05-04,0,0.0
2017-05-05,0,0.0
2017-05-06,0,0.0
2017-05-07,0,0.0
2017-05-08,0,0.0
2017-05-09,0,0.0
2017-05-10,0,0.0
2017-05-11,2,-3.33245173234594
2017-05-12,0,0.0
2017-05-13,0,0.0
2017-05-14,0,0.0
2017-05-15,0,0.0
2017-05-16,0,0.0
2017-05-17,0,0.0
2017-05-18,0,0.0
2017-05-19,0,0.0
2017-05-20,0,0.0
2017-05-21,0,0.0
2017-05-22,0,0.0
2017-05-23,0,0.0
2017-05-24,0,0.0
2017-05-25,0,0.0
2017-05-26,0,0.0
2017-05-27,0,0.0
2017-05-28,1,0.0544959128065301
2017-05-29,0,0.0
2017-05-30,0,0.0
2017-05-31,0,0.0
2017-06-01,0,0.0
2017-06-02,0,0.0
2017-06-03,0,0.0
2017-06-04,0,0.0
2017-06-05,1,-5.67164179104478
2017-06-06,0,0.0
2017-06-07,0,0.0
2017-06-08,7,-21.875
2017-06-09,0,0.0
2017-06-10,0,0.0
2017-06-11,2,-7.44257267717643
2017-06-12,0,0.0
2017-06-13,0,0.0
2017-06-14,0,0.0
2017-06-15,0,0.0
2017-06-16,0,0.0
2017-06-17,0,0.0
2017-06-18,3,-9.99213979079751
2017-06-19,0,0.0
2017-06-20,0,0.0
2017-06-21,0,0.0
2017-06-22,0,0.0
2017-06-23,0,0.0
2017-06-24,0,0.0
2017-06-25,1,-3.31797235023041
2017-06-26,0,0.0
2017-06-27,1,0.54651336419292
2017-06-28,0,0.0
2017-06-29,0,0.0
2017-06-30,0,0.0
2017-07-01,0,0.0
2017-07-02,0,0.0
2017-07-03,0,0.0
2017-07-04,0,0.0
2017-07-05,0,0.0
2017-07-06,0,0.0
2017-07-07,0,0.0
2017-07-08,0,0.0
2017-07-09,0,0.0
2017-07-10,0,0.0
2017-07-11,0,0.0
2017-07-12,0,0.0
2017-07-13,0,0.0
2017-07-14,0,0.0
2017-07-15,0,0.0
2017-07-16,0,0.0
2017-07-17,0,0.0
2017-07-18,0,0.0
2017-07-19,0,0.0
2017-07-20,1,-3.28125
2017-07-21,1,-6.08365019011407
2017-07-22,0,0.0
2017-07-23,1,-7.3394495412844
2017-07-24,0,0.0
2017-07-25,1,-4.14847161572053
2017-07-26,0,0.0
2017-07-27,1,-3.88019060585432
2017-07-28,0,0.0
2017-07-29,0,0.0
2017-07-30,0,0.0
2017-07-31,0,0.0
2017-08-01,1,-12.4454148471616
2017-08-02,0,0.0
2017-08-03,0,0.0
2017-08-04,0,0.0
2017-08-05,0,0.0
2017-08-06,0,0.0
2017-08-07,0,0.0
2017-08-08,0,0.0
2017-08-09,0,0.0
2017-08-10,0,0.0
2017-08-11,0,0.0
2017-08-12,0,0.0
2017-08-13,2,-12.12121212121222
2017-08-14,2,-16.1318259625137
2017-08-15,1,-7.33056708160443
2017-08-16,0,0.0
2017-08-17,1,-6.96937697993664
2017-08-18,0,0.0
2017-08-19,0,0.0
2017-08-20,1,2.82375851996105
2017-08-21,1,-4.01721664275466
2017-08-22,0,0.0
2017-08-23,0,0.0
2017-08-24,0,0.0
2017-08-25,2,-28.130360205832
2017-08-26,0,0.0
2017-08-27,0,0.0
2017-08-28,0,0.0
2017-08-29,0,0.0
2017-08-30,0,0.0
2017-08-31,0,0.0
2017-09-01,0,0.0
2017-09-02,0,0.0
2017-09-03,0,0.0
2017-09-04,0,0.0
2017-09-05,0,0.0
2017-09-06,0,0.0
2017-09-07,0,0.0
2017-09-08,1,-4.24528301886792
2017-09-09,0,0.0
2017-09-10,0,0.0
2017-09-11,0,0.0
2017-09-12,0,0.0
2017-09-13,0,0.0
2017-09-14,0,0.0
2017-09-15,0,0.0
2017-09-16,0,0.0
2017-09-17,0,0.0
2017-09-18,0,0.0
2017-09-19,1,-9.32706405783914
2017-09-20,0,0.0
2017-09-21,1,-3.08717028318952
2017-09-22,0,0.0
2017-09-23,0,0.0
2017-09-24,0,0.0
2017-09-25,1,-0.90909090909091
2017-09-26,0,0.0
2017-09-27,0,0.0
2017-09-28,0,0.0
2017-09-29,0,0.0
2017-09-30,0,0.0
2017-10-01,0,0.0
2017-10-02,0,0.0
2017-10-03,0,0.0
2017-10-04,0,0.0
2017-10-05,0,0.0
2017-10-06,0,0.0
2017-10-07,0,0.0
2017-10-08,0,0.0
2017-10-09,0,0.0
2017-10-10,0,0.0
2017-10-11,0,0.0
2017-10-12,0,0.0
2017-10-13,0,0.0
2017-10-14,0,0.0
2017-10-15,0,0.0
2017-10-16,0,0.0
2017-10-17,0,0.0
2017-10-18,0,0.0
2017-10-19,0,0.0
2017-10-20,0,0.0
2017-10-21,0,0.0
2017-10-22,0,0.0
2017-10-23,0,0.0
2017-10-24,0,0.0
2017-10-25,0,0.0
2017-10-26,0,0.0
2017-10-27,0,0.0
2017-10-28,0,0.0
2017-10-29,0,0.0
2017-10-30,0,0.0
2017-10-31,0,0.0
2017-11-01,3,-14.22712199871438
2017-11-02,4,-20.432831885675572
2017-11-03,2,-5.32000503246641
2017-11-04,1,-5.93342981186686
2017-11-05,1,-5.86900085363734
2017-11-06,1,-1.52380952380952
2017-11-07,1,-5.48302872062663
2017-11-08,0,0.0
2017-11-09,0,0.0
2017-11-10,0,0.0
2017-11-11,0,0.0
2017-11-12,0,0.0
2017-11-13,0,0.0
2017-11-14,0,0.0
2017-11-15,0,0.0
2017-11-16,0,0.0
2017-11-17,1,-4.05069196438831
2017-11-18,0,0.0
2017-11-19,0,0.0
2017-11-20,0,0.0
2017-11-21,0,0.0
2017-11-22,0,0.0
2017-11-23,0,0.0
2017-11-24,0,0.0
2017-11-25,0,0.0
2017-11-26,0,0.0
2017-11-27,0,0.0
2017-11-28,0,0.0
2017-11-29,0,0.0
2017-11-30,0,0.0
2017-12-01,0,0.0
2017-12-02,0,0.0
2017-12-03,0,0.0
2017-12-04,0,0.0
2017-12-05,0,0.0
2017-12-06,0,0.0
2017-12-07,0,0.0
2017-12-08,2,-9.2672053787689
2017-12-09,0,0.0
2017-12-10,1,-2.47641509433962
2017-12-11,0,0.0
2017-12-12,0,0.0
2017-12-13,0,0.0
2017-12-14,0,0.0
2017-12-15,1,0.50432276657061
2017-12-16,0,0.0
2017-12-17,0,0.0
2017-12-18,0,0.0
2017-12-19,0,0.0
2017-12-20,0,0.0
2017-12-21,0,0.0
2017-12-22,0,0.0
2017-12-23,0,0.0
2017-12-24,0,0.0
2017-12-25,0,0.0
2017-12-26,0,0.0
2017-12-27,0,0.0
2017-12-28,0,0.0
2017-12-29,1,0.0
2017-12-30,0,0.0
2017-12-31,0,0.0
2018-01-01,0,0.0
2018-01-02,0,0.0
2018-01-03,0,0.0
2018-01-04,0,0.0
2018-01-05,1,3.87409200968523
2018-01-06,0,0.0
2018-01-07,0,0.0
2018-01-08,0,0.0
2018-01-09,0,0.0
2018-01-10,0,0.0
2018-01-11,0,0.0
2018-01-12,0,0.0
2018-01-13,0,0.0
2018-01-14,0,0.0
2018-01-15,0,0.0
2018-01-16,0,0.0
2018-01-17,0,0.0
2018-01-18,0,0.0
2018-01-19,0,0.0
2018-01-20,0,0.0
2018-01-21,0,0.0
2018-01-22,0,0.0
2018-01-23,0,0.0
2018-01-24,0,0.0
2018-01-25,2,-4.98220640569394
2018-01-26,0,0.0
2018-01-27,0,0.0
2018-01-28,0,0.0
2018-01-29,0,0.0
2018-01-30,0,0.0
2018-01-31,0,0.0
2018-02-01,0,0.0
2018-02-02,0,0.0
2018-02-03,0,0.0
2018-02-04,0,0.0
2018-02-05,0,0.0
2018-02-06,0,0.0
2018-02-07,0,0.0
2018-02-08,0,0.0
2018-02-09,1,-6.12068965517241
2018-02-10,0,0.0
2018-02-11,0,0.0
2018-02-12,2,-8.37473385379702
2018-02-13,0,0.0
2018-02-14,0,0.0
2018-02-15,0,0.0
2018-02-16,0,0.0
2018-02-17,1,1.62866449511401
2018-02-18,0,0.0
2018-02-19,0,0.0
2018-02-20,0,0.0
2018-02-21,1,-5.15021459227468
2018-02-22,0,0.0
2018-02-23,0,0.0
2018-02-24,0,0.0
2018-02-25,0,0.0
2018-02-26,1,-5.17354986217485
2018-02-27,1,-5.13918629550321
2018-02-28,0,0.0
2018-03-01,1,-11.0606803520189
2018-03-02,0,0.0
2018-03-03,0,0.0
2018-03-04,0,0.0
2018-03-05,0,0.0
2018-03-06,0,0.0
2018-03-07,5,-17.23711253446805
2018-03-08,2,-13.1455399061033
2018-03-09,0,0.0
2018-03-10,0,0.0
2018-03-11,0,0.0
2018-03-12,0,0.0
2018-03-13,0,0.0
2018-03-14,0,0.0
2018-03-15,0,0.0
2018-03-16,1,-4.23728813559322
2018-03-17,0,0.0
2018-03-18,0,0.0
2018-03-19,0,0.0
2018-03-20,0,0.0
2018-03-21,0,0.0
2018-03-22,0,0.0
2018-03-23,1,-2.87141073657927
2018-03-24,0,0.0
2018-03-25,0,0.0
2018-03-26,0,0.0
2018-03-27,1,-3.42075256556442
2018-03-28,0,0.0
2018-03-29,0,0.0
2018-03-30,0,0.0
2018-03-31,0,0.0
2018-04-01,2,-5.27574525982396
2018-04-02,0,0.0
2018-04-03,1,-2.9595015576324
2018-04-04,6,-16.99048812079377
2018-04-05,1,-2.45812817721493
2018-04-06,1,-4.23076923076923
2018-04-07,1,-1.91387559808612
2018-04-08,0,0.0
2018-04-09,0,0.0
2018-04-10,0,0.0
2018-04-11,0,0.0
2018-04-12,0,0.0
2018-04-13,0,0.0
2018-04-14,0,0.0
2018-04-15,0,0.0
2018-04-16,0,0.0
2018-04-17,0,0.0
2018-04-18,0,0.0
2018-04-19,0,0.0
2018-04-20,0,0.0
2018-04-21,0,0.0
2018-04-22,0,0.0
2018-04-23,0,0.0
2018-04-24,3,-16.64564943253467
2018-04-25,0,0.0
2018-04-26,0,0.0
2018-04-27,0,0.0
2018-04-28,0,0.0
2018-04-29,2,-4.58715596330276
2018-04-30,0,0.0
2018-05-01,1,0.0
2018-05-02,0,0.0
2018-05-03,2,-13.77049180327868
2018-05-04,0,0.0
2018-05-05,0,0.0
2018-05-06,0,0.0
2018-05-07,2,-20.618556701031
2018-05-08,1,-2.35849056603773
2018-05-09,0,0.0
2018-05-10,0,0.0
2018-05-11,0,0.0
2018-05-12,0,0.0
2018-05-13,0,0.0
2018-05-14,0,0.0
2018-05-15,0,0.0
2018-05-16,0,0.0
2018-05-17,0,0.0
2018-05-18,0,0.0
2018-05-19,0,0.0
2018-05-20,0,0.0
2018-05-21,0,0.0
2018-05-22,0,0.0
2018-05-23,0,0.0
2018-05-24,0,0.0
2018-05-25,0,0.0
2018-05-26,0,0.0
2018-05-27,0,0.0
2018-05-28,0,0.0
2018-05-29,0,0.0
2018-05-30,0,0.0
2018-05-31,2,-17.35159817351598
2018-06-01,0,0.0
2018-06-02,0,0.0
2018-06-03,0,0.0
2018-06-04,0,0.0
2018-06-05,0,0.0
2018-06-06,0,0.0
2018-06-07,0,0.0
2018-06-08,0,0.0
2018-06-09,0,0.0
2018-06-10,0,0.0
2018-06-11,2,-4.24242424242424
2018-06-12,0,0.0
2018-06-13,0,0.0
2018-06-14,0,0.0
2018-06-15,0,0.0
2018-06-16,0,0.0
2018-06-17,0,0.0
2018-06-18,0,0.0
2018-06-19,2,-14.24148606811146
2018-06-20,1,-3.76344086021505
2018-06-21,0,0.0
2018-06-22,0,0.0
2018-06-23,0,0.0
2018-06-24,0,0.0
2018-06-25,1,-5.59006211180124
2018-06-26,0,0.0
2018-06-27,0,0.0
2018-06-28,0,0.0
2018-06-29,2,-2.75545350172216
2018-06-30,0,0.0
2018-07-01,0,0.0
2018-07-02,1,-1.65036674816626
2018-07-03,0,0.0
2018-07-04,0,0.0
2018-07-05,0,0.0
2018-07-06,0,0.0
2018-07-07,0,0.0
2018-07-08,2,-7.55885997521684
2018-07-09,1,2.69749518304432
2018-07-10,1,-3.7354562155542
2018-07-11,0,0.0
2018-07-12,0,0.0
2018-07-13,0,0.0
2018-07-14,2,-7.55885997521684
2018-07-15,5,-35.73359181149498
2018-07-16,10,-80.05976504361382
2018-07-17,4,-20.81122749567855
2018-07-18,0,0.0
2018-07-19,0,0.0
2018-07-20,0,0.0
2018-07-21,0,0.0
2018-07-22,1,2.7331189710611
2018-07-23,0,0.0
2018-07-24,0,0.0
2018-07-25,0,0.0
2018-07-26,0,0.0
2018-07-27,0,0.0
2018-07-28,0,0.0
2018-07-29,0,0.0
2018-07-30,0,0.0
2018-07-31,1,-4.80404551201011
2018-08-01,0,0.0
2018-08-02,1,-4.53115704466919
2018-08-03,0,0.0
2018-08-04,0,0.0
2018-08-05,0,0.0
2018-08-06,0,0.0
2018-08-07,4,-15.629401757924299
2018-08-08,0,0.0
2018-08-09,0,0.0
2018-08-10,0,0.0
2018-08-11,0,0.0
2018-08-12,0,0.0
2018-08-13,0,0.0
2018-08-14,0,0.0
2018-08-15,0,0.0
2018-08-16,0,0.0
2018-08-17,3,-21.39105614483896
2018-08-18,1,-6.96594427244586
2018-08-19,0,0.0
2018-08-20,0,0.0
2018-08-21,0,0.0
2018-08-22,1,-9.52380952380949
2018-08-23,1,-2.74983232729712
2018-08-24,0,0.0
2018-08-25,2,-12.73408239700374
2018-08-26,4,-29.7872340425532
2018-08-27,0,0.0
2018-08-28,6,-33.349752856381
2018-08-29,2,-10.2079395085066
2018-08-30,0,0.0
2018-08-31,1,-5.38922155688623
2018-09-01,0,0.0
2018-09-02,0,0.0
2018-09-03,0,0.0
2018-09-04,1,-4.52107279693487
2018-09-05,0,0.0
2018-09-06,1,-9.5454545454545
2018-09-07,0,0.0
2018-09-08,0,0.0
2018-09-09,0,0.0
2018-09-10,1,-1.84757505773672
2018-09-11,0,0.0
2018-09-12,0,0.0
2018-09-13,0,0.0
2018-09-14,0,0.0
2018-09-15,1,-2.91545189504373
2018-09-16,5,-22.47029690405269
2018-09-17,8,-12.325057701247756
2018-09-18,6,-12.307692307692301
2018-09-19,14,-64.34216879698081
2018-09-20,17,-73.78339488041954
2018-09-21,8,-36.24401982370972
2018-09-22,2,-6.76156583629892
2018-09-23,9,-34.57828384889813
2018-09-24,20,-84.11289777800506
2018-09-25,6,-14.152755434513379
2018-09-26,3,-18.42610364683302
2018-09-27,1,-3.1015037593985
2018-09-28,1,1.24513618677043
2018-09-29,0,0.0
2018-09-30,0,0.0
2018-10-01,0,0.0
2018-10-02,1,-7.09898302812389
2018-10-03,0,0.0
2018-10-04,0,0.0
2018-10-05,0,0.0
2018-10-06,0,0.0
2018-10-07,2,-7.19383609486294
2018-10-08,1,-3.4074074074074
2018-10-09,5,-14.488972706794499
2018-10-10,1,-3.46368715083799
2018-10-11,0,0.0
2018-10-12,0,0.0
2018-10-13,0,0.0
2018-10-14,0,0.0
2018-10-15,4,-30.488611412396498
2018-10-16,0,0.0
2018-10-17,0,0.0
2018-10-18,0,0.0
2018-10-19,0,0.0
2018-10-20,0,0.0
2018-10-21,0,0.0
2018-10-22,0,0.0
2018-10-23,0,0.0
2018-10-24,0,0.0
2018-10-25,5,-36.471443680592316
2018-10-26,1,-7.43801652892562
2018-10-27,0,0.0
2018-10-28,0,0.0
2018-10-29,0,0.0
2018-10-30,0,0.0
2018-10-31,0,0.0
2018-11-01,0,0.0
2018-11-02,1,-8.25688073394495
2018-11-03,0,0.0
2018-11-04,0,0.0
2018-11-05,1,-4.76190476190476
2018-11-06,0,0.0
2018-11-07,0,0.0
2018-11-08,0,0.0
2018-11-09,2,-8.36120401337792
2018-11-10,0,0.0
2018-11-11,0,0.0
2018-11-12,1,-1.40405616224649
2018-11-13,0,0.0
2018-11-14,0,0.0
2018-11-15,0,0.0
2018-11-16,0,0.0
2018-11-17,0,0.0
2018-11-18,1,-2.74725274725274
2018-11-19,0,0.0
2018-11-20,2,-9.74987858183584
2018-11-21,0,0.0
2018-11-22,0,0.0
2018-11-23,0,0.0
2018-11-24,0,0.0
2018-11-25,0,0.0
2018-11-26,0,0.0
2018-11-27,2,-1.74561911450055
2018-11-28,0,0.0
2018-11-29,0,0.0
2018-11-30,1,-3.95738203957382
2018-12-01,0,0.0
2018-12-02,0,0.0
2018-12-03,0,0.0
2018-12-04,0,0.0
2018-12-05,0,0.0
2018-12-06,0,0.0
2018-12-07,0,0.0
2018-12-08,0,0.0
2018-12-09,0,0.0
2018-12-10,0,0.0
2018-12-11,0,0.0
2018-12-12,0,0.0
2018-12-13,0,0.0
2018-12-14,0,0.0
2018-12-15,0,0.0
2018-12-16,0,0.0
2018-12-17,0,0.0
2018-12-18,0,0.0
2018-12-19,2,-15.2542372881356
2018-12-20,0,0.0
2018-12-21,4,-16.49831649831648
2018-12-22,0,0.0
2018-12-23,0,0.0
2018-12-24,0,0.0
2018-12-25,2,-1.60126041768853
2018-12-26,0,0.0
2018-12-27,4,-25.81543116490166
2018-12-28,0,0.0
2018-12-29,1,-3.42754058929645
2018-12-30,0,0.0
2018-12-31,0,0.0
2019-01-01,0,0.0
2019-01-02,0,0.0
2019-01-03,0,0.0
2019-01-04,0,0.0
2019-01-05,0,0.0
2019-01-06,0,0.0
2019-01-07,0,0.0
2019-01-08,0,0.0
2019-01-09,0,0.0
2019-01-10,0,0.0
2019-01-11,0,0.0
2019-01-12,0,0.0
2019-01-13,1,-9.09090909090908
2019-01-14,0,0.0
2019-01-15,0,0.0
2019-01-16,0,0.0
2019-01-17,0,0.0
2019-01-18,0,0.0
2019-01-19,2,-21.2121212121212
2019-01-20,0,0.0
2019-01-21,0,0.0
2019-01-22,0,0.0
2019-01-23,0,0.0
2019-01-24,0,0.0
2019-01-25,0,0.0
2019-01-26,0,0.0
2019-01-27,0,0.0
2019-01-28,0,0.0
2019-01-29,0,0.0
2019-01-30,0,0.0
2019-01-31,0,0.0
2019-02-01,0,0.0
2019-02-02,0,0.0
2019-02-03,1,-5.43933054393306
2019-02-04,0,0.0
2019-02-05,0,0.0
2019-02-06,1,-6.98503207412688
2019-02-07,0,0.0
2019-02-08,0,0.0
2019-02-09,0,0.0
2019-02-10,0,0.0
2019-02-11,0,0.0
2019-02-12,1,-3.68946963873944
2019-02-13,2,-8.91552553849145
2019-02-14,1,-2.57142857142857
2019-02-15,0,0.0
2019-02-16,0,0.0
2019-02-17,0,0.0
2019-02-18,0,0.0
2019-02-19,0,0.0
2019-02-20,0,0.0
2019-02-21,0,0.0
2019-02-22,0,0.0
2019-02-23,0,0.0
2019-02-24,0,0.0
2019-02-25,0,0.0
2019-02-26,0,0.0
2019-02-27,0,0.0
2019-02-28,0,0.0
2019-03-01,0,0.0
2019-03-02,0,0.0
2019-03-03,0,0.0
2019-03-04,0,0.0
2019-03-05,0,0.0
2019-03-06,0,0.0
2019-03-07,0,0.0
2019-03-08,0,0.0
2019-03-09,0,0.0
2019-03-10,0,0.0
2019-03-11,0,0.0
2019-03-12,0,0.0
2019-03-13,0,0.0
2019-03-14,0,0.0
2019-03-15,0,0.0
2019-03-16,0,0.0
2019-03-17,0,0.0
2019-03-18,0,0.0
2019-03-19,2,-13.65853658536586
2019-03-20,0,0.0
2019-03-21,0,0.0
2019-03-22,1,3.13075506445672
2019-03-23,0,0.0
2019-03-24,0,0.0
2019-03-25,0,0.0
2019-03-26,0,0.0
2019-03-27,1,-2.9668834511163
2019-03-28,1,-2.95138888888889
2019-03-29,0,0.0
2019-03-30,0,0.0
2019-03-31,0,0.0
2019-04-01,0,0.0
2019-04-02,0,0.0
2019-04-03,1,0.0
2019-04-04,0,0.0
2019-04-05,0,0.0
2019-04-06,0,0.0
2019-04-07,0,0.0
2019-04-08,0,0.0
2019-04-09,0,0.0
2019-04-10,0,0.0
2019-04-11,0,0.0
2019-04-12,0,0.0
2019-04-13,0,0.0
2019-04-14,0,0.0
2019-04-15,0,0.0
2019-04-16,0,0.0
2019-04-17,0,0.0
2019-04-18,0,0.0
2019-04-19,2,-3.7037037037037
2019-04-20,0,0.0
2019-04-21,0,0.0
2019-04-22,0,0.0
2019-04-23,1,-1.58434296365331
2019-04-24,0,0.0
2019-04-25,0,0.0
2019-04-26,0,0.0
2019-04-27,0,0.0
2019-04-28,1,-8.53293413173658
2019-04-29,0,0.0
2019-04-30,2,-7.83410138248846
2019-05-01,3,-5.14357114262492
2019-05-02,0,0.0
2019-05-03,0,0.0
2019-05-04,0,0.0
2019-05-05,0,0.0
2019-05-06,0,0.0
2019-05-07,0,0.0
2019-05-08,0,0.0
2019-05-09,0,0.0
2019-05-10,0,0.0
2019-05-11,0,0.0
2019-05-12,0,0.0
2019-05-13,0,0.0
2019-05-14,0,0.0
2019-05-15,0,0.0
2019-05-16,3,-3.9387308533917
2019-05-17,3,-2.25
2019-05-18,0,0.0
2019-05-19,0,0.0
2019-05-20,0,0.0
2019-05-21,0,0.0
2019-05-22,0,0.0
2019-05-23,0,0.0
2019-05-24,4,-30.22694350555291
2019-05-25,0,0.0
2019-05-26,0,0.0
2019-05-27,0,0.0
2019-05-28,0,0.0
2019-05-29,2,-25.0
2019-05-30,0,0.0
2019-05-31,0,0.0
2019-06-01,1,-14.9344096871847
2019-06-02,0,0.0
2019-06-03,0,0.0
2019-06-04,0,0.0
2019-06-05,2,-1.225114854517602
2019-06-06,0,0.0
2019-06-07,0,0.0
2019-06-08,0,0.0
2019-06-09,0,0.0
2019-06-10,0,0.0
2019-06-11,0,0.0
2019-06-12,0,0.0
2019-06-13,0,0.0
2019-06-14,1,-8.31212892281594
2019-06-15,0,0.0
2019-06-16,0,0.0
2019-06-17,1,2.14132762312634
2019-06-18,1,-3.75816993464053
2019-06-19,1,-5.17482517482517
2019-06-20,0,0.0
2019-06-21,0,0.0
2019-06-22,0,0.0
2019-06-23,0,0.0
2019-06-24,4,-11.83723797780516
2019-06-25,2,-3.86007237635706
2019-06-26,0,0.0
2019-06-27,0,0.0
2019-06-28,0,0.0
2019-06-29,1,-7.67195767195767
2019-06-30,0,0.0
2019-07-01,0,0.0
2019-07-02,2,-2.18240102204817
2019-07-03,0,0.0
2019-07-04,0,0.0
2019-07-05,1,-0.612557427258801
2019-07-06,0,0.0
2019-07-07,0,0.0
2019-07-08,0,0.0
2019-07-09,0,0.0
2019-07-10,0,0.0
2019-07-11,0,0.0
2019-07-12,0,0.0
2019-07-13,0,0.0
2019-07-14,0,0.0
2019-07-15,0,0.0
2019-07-16,0,0.0
2019-07-17,1,-2.28873239436619
2019-07-18,0,0.0
2019-07-19,0,0.0
2019-07-20,0,0.0
2019-07-21,0,0.0
2019-07-22,0,0.0
2019-07-23,0,0.0
2019-07-24,0,0.0
2019-07-25,0,0.0
2019-07-26,0,0.0
2019-07-27,0,0.0
2019-07-28,0,0.0
2019-07-29,0,0.0
2019-07-30,0,0.0
2019-07-31,0,0.0
2019-08-01,0,0.0
2019-08-02,0,0.0
2019-08-03,0,0.0
2019-08-04,2,-17.33965582856162
2019-08-05,1,-13.4481148243359
2019-08-06,0,0.0
2019-08-07,0,0.0
2019-08-08,0,0.0
2019-08-09,0,0.0
2019-08-10,0,0.0
2019-08-11,0,0.0
2019-08-12,3,-27.27301473533322
2019-08-13,0,0.0
2019-08-14,0,0.0
2019-08-15,0,0.0
2019-08-16,0,0.0
2019-08-17,0,0.0
2019-08-18,0,0.0
2019-08-19,2,-10.02363435367667
2019-08-20,0,0.0
2019-08-21,0,0.0
2019-08-22,0,0.0
2019-08-23,0,0.0
2019-08-24,0,0.0
2019-08-25,0,0.0
2019-08-26,0,0.0
2019-08-27,0,0.0
2019-08-28,2,-6.26398210290828
2019-08-29,4,-9.54128440366972
2019-08-30,0,0.0
2019-08-31,0,0.0
2019-09-01,0,0.0
2019-09-02,0,0.0
2019-09-03,0,0.0
2019-09-04,0,0.0
2019-09-05,0,0.0
2019-09-06,0,0.0
2019-09-07,0,0.0
2019-09-08,0,0.0
2019-09-09,0,0.0
2019-09-10,0,0.0
2019-09-11,0,0.0
2019-09-12,0,0.0
2019-09-13,0,0.0
2019-09-14,0,0.0
2019-09-15,0,0.0
2019-09-16,0,0.0
2019-09-17,0,0.0
2019-09-18,0,0.0
2019-09-19,1,2.8798411122145
2019-09-20,3,-10.56338028169014
2019-09-21,0,0.0
2019-09-22,0,0.0
2019-09-23,0,0.0
2019-09-24,0,0.0
2019-09-25,0,0.0
2019-09-26,0,0.0
2019-09-27,0,0.0
2019-09-28,0,0.0
2019-09-29,0,0.0
2019-09-30,0,0.0
2019-10-01,0,0.0
2019-10-02,0,0.0
2019-10-03,0,0.0
2019-10-04,0,0.0
2019-10-05,0,0.0
2019-10-06,0,0.0
2019-10-07,0,0.0
2019-10-08,1,-0.7473841554559
2019-10-09,0,0.0
2019-10-10,0,0.0
2019-10-11,0,0.0
2019-10-12,0,0.0
2019-10-13,0,0.0
2019-10-14,1,-6.0191631110113
2019-10-15,0,0.0
2019-10-16,0,0.0
2019-10-17,0,0.0
2019-10-18,0,0.0
2019-10-19,1,-2.40740740740741
2019-10-20,0,0.0
2019-10-21,1,-0.81743869209809
2019-10-22,0,0.0
2019-10-23,0,0.0
2019-10-24,0,0.0
2019-10-25,0,0.0
2019-10-26,0,0.0
2019-10-27,0,0.0
2019-10-28,0,0.0
2019-10-29,0,0.0
2019-10-30,0,0.0
2019-10-31,0,0.0
2019-11-01,2,-2.0
2019-11-02,0,0.0
2019-11-03,0,0.0
2019-11-04,0,0.0
2019-11-05,0,0.0
2019-11-06,0,0.0
2019-11-07,0,0.0
2019-11-08,0,0.0
2019-11-09,0,0.0
2019-11-10,0,0.0
2019-11-11,0,0.0
2019-11-12,0,0.0
2019-11-13,0,0.0
2019-11-14,0,0.0
2019-11-15,0,0.0
2019-11-16,0,0.0
2019-11-17,5,-21.8181818181818
2019-11-18,0,0.0
2019-11-19,0,0.0
2019-11-20,0,0.0
2019-11-21,0,0.0
2019-11-22,0,0.0
2019-11-23,0,0.0
2019-11-24,0,0.0
2019-11-25,1,-1.20481927710843
2019-11-26,0,0.0
2019-11-27,0,0.0
2019-11-28,0,0.0
2019-11-29,0,0.0
2019-11-30,0,0.0
2019-12-01,0,0.0
2019-12-02,0,0.0
2019-12-03,0,0.0
2019-12-04,2,-12.51861095858502
2019-12-05,0,0.0
2019-12-06,0,0.0
2019-12-07,0,0.0
2019-12-08,0,0.0
2019-12-09,0,0.0
2019-12-10,0,0.0
2019-12-11,0,0.0
2019-12-12,0,0.0
2019-12-13,0,0.0
2019-12-14,0,0.0
2019-12-15,0,0.0
2019-12-16,0,0.0
2019-12-17,0,0.0
2019-12-18,0,0.0
2019-12-19,2,-16.52173913043472
2019-12-20,0,0.0
2019-12-21,0,0.0
2019-12-22,0,0.0
2019-12-23,0,0.0
2019-12-24,0,0.0
2019-12-25,0,0.0
2019-12-26,0,0.0
2019-12-27,0,0.0
2019-12-28,0,0.0
2019-12-29,0,0.0
2019-12-30,0,0.0
2019-12-31,0,0.0
2020-01-01,0,0.0
2020-01-02,0,0.0
2020-01-03,0,0.0
2020-01-04,0,0.0
2020-01-05,0,0.0
2020-01-06,0,0.0
2020-01-07,0,0.0
2020-01-08,0,0.0
2020-01-09,1,-8.07339449541285
2020-01-10,0,0.0
2020-01-11,0,0.0
2020-01-12,0,0.0
2020-01-13,0,0.0
2020-01-14,0,0.0
2020-01-15,2,-4.64372847139553
2020-01-16,1,-7.45033112582782
2020-01-17,1,-3.33846944016436
2020-01-18,0,0.0
2020-01-19,0,0.0
2020-01-20,4,-5.07936507936508
2020-01-21,0,0.0
2020-01-22,1,-11.1111111111111
2020-01-23,0,0.0
2020-01-24,0,0.0
2020-01-25,0,0.0
2020-01-26,0,0.0
2020-01-27,0,0.0
2020-01-28,0,0.0
2020-01-29,0,0.0
2020-01-30,0,0.0
2020-01-31,0,0.0
2020-02-01,0,0.0
2020-02-02,0,0.0
2020-02-03,0,0.0
2020-02-04,0,0.0
2020-02-05,0,0.0
2020-02-06,0,0.0
2020-02-07,0,0.0
2020-02-08,0,0.0
2020-02-09,0,0.0
2020-02-10,0,0.0
2020-02-11,0,0.0
2020-02-12,0,0.0
2020-02-13,0,0.0
2020-02-14,0,0.0
2020-02-15,0,0.0
2020-02-16,0,0.0
2020-02-17,0,0.0
2020-02-18,1,-5.64245162785308
2020-02-19,0,0.0
2020-02-20,0,0.0
2020-02-21,0,0.0
2020-02-22,0,0.0
2020-02-23,0,0.0
2020-02-24,0,0.0
2020-02-25,0,0.0
2020-02-26,0,0.0
2020-02-27,0,0.0
2020-02-28,0,0.0
2020-02-29,0,0.0
2020-03-01,0,0.0
2020-03-02,1,-1.5625
2020-03-03,0,0.0
2020-03-04,0,0.0
2020-03-05,2,-0.14598540145984
2020-03-06,3,-20.19536019536019
2020-03-07,0,0.0
2020-03-08,0,0.0
2020-03-09,0,0.0
2020-03-10,2,-20.0
2020-03-11,0,0.0
2020-03-12,0,0.0
2020-03-13,0,0.0
2020-03-14,0,0.0
2020-03-15,0,0.0
2020-03-16,0,0.0
2020-03-17,0,0.0
2020-03-18,0,0.0
2020-03-19,0,0.0
2020-03-20,0,0.0
2020-03-21,0,0.0
2020-03-22,0,0.0
2020-03-23,0,0.0
2020-03-24,0,0.0
2020-03-25,0,0.0
2020-03-26,0,0.0
2020-03-27,0,0.0
2020-03-28,0,0.0
2020-03-29,0,0.0
2020-03-30,0,0.0
2020-03-31,2,-3.59550561797752
2020-04-01,0,0.0
2020-04-02,0,0.0
2020-04-03,0,0.0
2020-04-04,0,0.0
2020-04-05,0,0.0
2020-04-06,0,0.0
2020-04-07,0,0.0
2020-04-08,0,0.0
2020-04-09,0,0.0
2020-04-10,0,0.0
2020-04-11,0,0.0
2020-04-12,0,0.0
2020-04-13,0,0.0
2020-04-14,0,0.0
2020-04-15,0,0.0
2020-04-16,0,0.0
2020-04-17,0,0.0
2020-04-18,0,0.0
2020-04-19,0,0.0
2020-04-20,0,0.0
2020-04-21,0,0.0
2020-04-22,2,-18.56540084388194
2020-04-23,0,0.0
2020-04-24,0,0.0
2020-04-25,0,0.0
2020-04-26,0,0.0
2020-04-27,0,0.0
2020-04-28,1,-3.87182910547396
2020-04-29,0,0.0
2020-04-30,0,0.0
2020-05-01,0,0.0
2020-05-02,0,0.0
2020-05-03,0,0.0
2020-05-04,0,0.0
2020-05-05,0,0.0
2020-05-06,0,0.0
2020-05-07,0,0.0
2020-05-08,0,0.0
2020-05-09,0,0.0
2020-05-10,1,-9.25
2020-05-11,0,0.0
2020-05-12,3,-17.73082360353795
2020-05-13,3,-16.289599566774
2020-05-14,0,0.0
2020-05-15,0,0.0
2020-05-16,0,0.0
2020-05-17,2,-1.97444831591174
2020-05-18,0,0.0
2020-05-19,0,0.0
2020-05-20,0,0.0
2020-05-21,0,0.0
2020-05-22,0,0.0
2020-05-23,0,0.0
2020-05-24,1,-4.25170068027211
2020-05-25,0,0.0
2020-05-26,1,-2.51396648044693
2020-05-27,2,-13.00580780787914
2020-05-28,6,-35.57101600162444
2020-05-29,13,-97.02647607547223
2020-05-30,13,-94.41399240523248
2020-05-31,44,-336.8020973013048
2020-06-01,85,-547.7224382003869
2020-06-02,58,-388.86062410245665
2020-06-03,42,-211.1088195350671
2020-06-04,29,-146.1252815080824
2020-06-05,20,-131.83257731106116
2020-06-06,21,-145.5025103295957
2020-06-07,13,-88.29648193282604
2020-06-08,14,-81.682216046029
2020-06-09,26,-184.0442348025987
2020-06-10,20,-131.45070665990946
2020-06-11,30,-143.15642314970063
2020-06-12,26,-127.95885673733504
2020-06-13,9,-43.478948147065296
2020-06-14,4,-17.74796161182919
2020-06-15,7,-40.83237262409789
2020-06-16,3,-6.53183508878897
2020-06-17,14,-110.50679441785513
2020-06-18,3,-20.37640099987632
2020-06-19,7,-33.032230590162875
2020-06-20,3,-19.42472999779589
2020-06-21,1,-6.67610224738378
2020-06-22,13,-68.04255330721425
2020-06-23,3,-13.1283152904549
2020-06-24,2,-9.26068508545288
2020-06-25,2,-7.45341614906832
2020-06-26,4,-6.60216296215279
2020-06-27,2,-15.669619949369402
2020-06-28,0,0.0
2020-06-29,3,-13.76227823041195
2020-06-30,3,-27.74163228173652
2020-07-01,2,-18.728413614912018
2020-07-02,1,-9.58449428541783
2020-07-03,2,-16.32296354551726
2020-07-04,2,-14.686876572122468
2020-07-05,4,-31.49141372650267
2020-07-06,0,0.0
2020-07-07,2,-22.00627982954648
2020-07-08,3,-22.60370499470525
2020-07-09,3,-24.72275043546402
2020-07-10,5,-31.42704899167851
2020-07-11,0,0.0
2020-07-12,0,0.0
2020-07-13,2,-13.03713459608903
2020-07-14,3,-9.119296004541901
2020-07-15,4,-10.48850301149379
2020-07-16,0,0.0
2020-07-17,4,-14.01136515339573
2020-07-18,9,-55.31129409008239
2020-07-19,9,-68.60163055889846
2020-07-20,5,-24.9950398797439
2020-07-21,12,-75.8908556367344
2020-07-22,8,-49.67950091350131
2020-07-23,9,-50.74242558583365
2020-07-24,11,-55.23439748310194
2020-07-25,5,-24.01872905365527
2020-07-26,7,-60.34340075661814
2020-07-27,6,-38.64125716144134
2020-07-28,3,-16.42267911008151
2020-07-29,9,-57.73218810565281
2020-07-30,5,-39.15083263067386
2020-07-31,3,-19.0853274814971
2020-08-01,2,-7.8445178414454
2020-08-02,4,-28.07233861164175
2020-08-03,5,-27.004111033693682
2020-08-04,0,0.0
2020-08-05,0,0.0
2020-08-06,1,-9.33333333333332
2020-08-07,2,-8.7281795511222
2020-08-08,3,-25.21546697285214
2020-08-09,5,-38.24306927567243
2020-08-10,68,-518.6488955500923
2020-08-11,73,-538.0082095124517
2020-08-12,45,-318.5569101775257
2020-08-13,46,-289.0111128073642
2020-08-14,64,-418.7489525910611
2020-08-15,47,-266.9151072921503
2020-08-16,23,-178.13453033792882
2020-08-17,39,-244.29169108126035
2020-08-18,18,-115.66923384849767
2020-08-19,21,-143.03353641829628
2020-08-20,17,-105.47114793742931
2020-08-21,7,-47.19136941906181
2020-08-22,9,-58.97017406621372
2020-08-23,5,-26.12544154503524
2020-08-24,5,-28.158374460606602
2020-08-25,12,-73.76121700468401
2020-08-26,10,-60.81323794300159
2020-08-27,6,-24.21352294558879
2020-08-28,18,-115.67138428088886
2020-08-29,7,-59.139529870181505
2020-08-30,9,-46.495783624102486
2020-08-31,11,-78.68926331995112
2020-09-01,4,-24.66450317740538
2020-09-02,19,-126.80432550673308
2020-09-03,6,-43.19770791286635
2020-09-04,6,-32.25016896435325
2020-09-05,3,-43.572746697746695
2020-09-06,4,-24.09732594721772
2020-09-07,5,-44.173128902352005
2020-09-08,7,-45.87038437970687
2020-09-09,4,-18.4635825897781
2020-09-10,9,-65.88373672083678
2020-09-11,0,0.0
2020-09-12,4,-18.48771166672486
2020-09-13,3,-6.61971830985916
2020-09-14,6,-25.00326577372774
2020-09-15,3,-26.083435334394768
2020-09-16,5,-17.19144200794215
2020-09-17,3,-22.31472844308039
2020-09-18,2,-19.28785253129371
2020-09-19,3,-31.225296442687842
2020-09-20,1,-4.12844036697248
2020-09-21,2,-3.3452139842433297
2020-09-22,0,0.0
2020-09-23,7,-32.84776228819066
2020-09-24,3,-20.79157360081375
2020-09-25,9,-71.84459680042576
2020-09-26,1,-3.84615384615385
2020-09-27,0,0.0
2020-09-28,4,-6.74914136943736
2020-09-29,1,-7.76889408406418
2020-09-30,2,-13.74972412709156
2020-10-01,6,-55.77949315242169
2020-10-02,9,-44.28157327164373
2020-10-03,3,-26.573055342611703
2020-10-04,1,-11.7097306212204
2020-10-05,9,-83.58239931019256
2020-10-06,13,-89.72938082303658
2020-10-07,5,-41.29791042453012
2020-10-08,1,-5.72171651495449
2020-10-09,2,-17.42910279407072
2020-10-10,0,0.0
2020-10-11,1,-5.20984081041968
2020-10-12,1,-4.70347648261759
2020-10-13,1,-11.2676056338028
2020-10-14,4,-71.4285714285716
2020-10-15,8,-63.624896735345644
2020-10-16,3,-18.26274826248796
2020-10-17,1,-5.27656477438137
2020-10-18,2,-35.8974358974358
2020-10-19,0,0.0
2020-10-20,1,-5.97621718676903
2020-10-21,5,-57.326007326007385
2020-10-22,0,0.0
2020-10-23,0,0.0
2020-10-24,0,0.0
2020-10-25,2,-3.69515011547344
2020-10-26,4,-35.10507218889711
2020-10-27,0,0.0
2020-10-28,1,1.27629160710639
2020-10-29,0,0.0
2020-10-30,1,-3.83747178329571
2020-10-31,0,0.0
2020-11-01,2,-9.91580916744622
2020-11-02,3,-10.76813754097594
2020-11-03,2,-5.82839630130336
2020-11-04,9,-43.2421797302958
2020-11-05,0,0.0
2020-11-06,0,0.0
2020-11-07,0,0.0
2020-11-08,0,0.0
2020-11-09,0,0.0
2020-11-10,0,0.0
2020-11-11,0,0.0
2020-11-12,5,-42.69448588376949
2020-11-13,0,0.0
2020-11-14,3,-27.81456953642385
2020-11-15,0,0.0
2020-11-16,0,0.0
2020-11-17,3,-1.27840909090908
2020-11-18,1,-7.22021660649819
2020-11-19,4,-47.88994929913517
2020-11-20,8,-80.59950811076206
2020-11-21,0,0.0
2020-11-22,4,-74.4186046511628
2020-11-23,0,0.0
2020-11-24,0,0.0
2020-11-25,0,0.0
2020-11-26,3,-15.148931077300539
2020-11-27,0,0.0
2020-11-28,0,0.0
2020-11-29,1,-4.736490993996
2020-11-30,0,0.0
2020-12-01,0,0.0
2020-12-02,1,-5.14322916666667
2020-12-03,0,0.0
2020-12-04,1,-7.38161559888579
2020-12-05,0,0.0
2020-12-06,1,-4.49897750511248
2020-12-07,0,0.0
2020-12-08,0,0.0
2020-12-09,5,-61.35265700483096
2020-12-10,0,0.0
2020-12-11,2,-0.43196544276458
2020-12-12,2,-17.60209954417789
2020-12-13,0,0.0
2020-12-14,1,-2.88288288288288
2020-12-15,0,0.0
2020-12-16,0,0.0
2020-12-17,2,-3.35946248600224
2020-12-18,2,-7.74255150087374
2020-12-19,0,0.0
2020-12-20,0,0.0
2020-12-21,0,0.0
2020-12-22,0,0.0
2020-12-23,2,-13.83359240502098
2020-12-24,1,-4.47729554641732
2020-12-25,0,0.0
2020-12-26,0,0.0
2020-12-27,0,0.0
2020-12-28,0,0.0
2020-12-29,4,-34.937796831000824
2020-12-30,0,0.0
2020-12-31,0,0.0
2021-01-01,0,0.0
2021-01-02,0,0.0
2021-01-03,0,0.0
2021-01-04,0,0.0
2021-01-05,0,0.0
2021-01-06,0,0.0
2021-01-07,1,-6.64739884393063
2021-01-08,3,-22.14378711613586
2021-01-09,1,-6.95187165775401
2021-01-10,1,-6.9164265129683
2021-01-11,1,-5.80875781948168
2021-01-12,2,-11.667019998586671
2021-01-13,3,-18.4823569715656
2021-01-14,5,-32.26419190274612
2021-01-15,7,-54.32441989852519
2021-01-16,2,-15.90106007067138
2021-01-17,0,0.0
2021-01-18,2,-3.6616303545255198
2021-01-19,2,-8.82002383790226
2021-01-20,1,-1.81731229076997
2021-01-21,0,0.0
2021-01-22,0,0.0
2021-01-23,0,0.0
2021-01-24,0,0.0
2021-01-25,1,-4.20841683366734
2021-01-26,2,-15.80310880829016
2021-01-27,2,-16.68243085099056
2021-01-28,0,0.0
2021-01-29,1,-4.64
2021-01-30,2,-15.8379373848987
2021-01-31,0,0.0
2021-02-01,0,0.0
2021-02-02,0,0.0
2021-02-03,3,-18.1967213114754
2021-02-04,0,0.0
2021-02-05,0,0.0
2021-02-06,3,-14.455900897559541
2021-02-07,0,0.0
2021-02-08,1,-5.84045584045584
2021-02-09,0,0.0
2021-02-10,0,0.0
2021-02-11,1,-9.46372239747634
2021-02-12,5,-28.97104302476185
2021-02-13,0,0.0
2021-02-14,0,0.0
2021-02-15,1,-6.24408703878903
2021-02-16,1,-2.82021151586369
2021-02-17,1,-6.24426078971534
2021-02-18,5,-31.842656400645843
2021-02-19,6,-26.38064797558424
2021-02-20,4,-25.75562611459176
2021-02-21,1,-9.85915492957745
2021-02-22,3,-16.52869465960715
2021-02-23,1,-5.33049040511727
2021-02-24,2,-10.55969734060308
2021-02-25,2,-5.720538018821039
2021-02-26,2,-8.96282727761525
2021-02-27,1,-4.0339702760085
2021-02-28,1,-4.0948275862069
2021-03-01,1,-9.0692124105012
2021-03-02,1,-12.6010023238234
2021-03-03,3,-22.76806450310498
2021-03-04,0,0.0
2021-03-05,1,-1.48148148148148
2021-03-06,0,0.0
2021-03-07,1,-6.01503759398497
2021-03-08,4,-32.13924455807972
2021-03-09,0,0.0
2021-03-10,0,0.0
2021-03-11,0,0.0
2021-03-12,1,-4.34389140271493
2021-03-13,0,0.0
2021-03-14,0,0.0
2021-03-15,0,0.0
2021-03-16,0,0.0
2021-03-17,0,0.0
2021-03-18,0,0.0
2021-03-19,1,-2.06310679611651
2021-03-20,3,-23.77013495864169
2021-03-21,0,0.0
2021-03-22,0,0.0
2021-03-23,0,0.0
2021-03-24,1,-10.5549510337323
2021-03-25,2,-19.06923950056754
2021-03-26,0,0.0
2021-03-27,0,0.0
2021-03-28,0,0.0
2021-03-29,1,-8.84955752212392
2021-03-30,2,-24.91611917494279
2021-03-31,1,-9.87654320987654
2021-04-01,1,-12.5748502994012
2021-04-02,0,0.0
2021-04-03,1,-17.1428571428571
2021-04-04,0,0.0
2021-04-05,0,0.0
2021-04-06,0,0.0
2021-04-07,0,0.0
2021-04-08,0,0.0
2021-04-09,0,0.0
2021-04-10,0,0.0
2021-04-11,0,0.0
2021-04-12,2,-13.7933597161065
2021-04-13,2,-7.69230769230769
2021-04-14,0,0.0
2021-04-15,1,-3.95113473727254
2021-04-16,5,-16.79166801068967
2021-04-17,10,-67.11609027157552
2021-04-18,5,-35.5679387073651
2021-04-19,2,-7.23587497032278
2021-04-20,12,-96.62884456600139
2021-04-21,2,-15.68627450980392
2021-04-22,2,-0.5668848297937799
2021-04-23,6,-33.47511956355702
2021-04-24,1,1.91029900332226
2021-04-25,1,-8.56820744081171
2021-04-26,1,-9.94962216624686
2021-04-27,1,-5.53505535055351
2021-04-28,1,-6.59203980099503
2021-04-29,0,0.0
2021-04-30,0,0.0
2021-05-01,0,0.0
2021-05-02,1,-1.78585665311329
2021-05-03,0,0.0
2021-05-04,0,0.0
2021-05-05,0,0.0
2021-05-06,0,0.0
2021-05-07,0,0.0
2021-05-08,0,0.0
2021-05-09,0,0.0
2021-05-10,1,-1.87224669603524
2021-05-11,0,0.0
2021-05-12,0,0.0
2021-05-13,2,-12.04819277108432
2021-05-14,1,-8.59788359788361
2021-05-15,0,0.0
2021-05-16,2,-7.83025485153145
2021-05-17,0,0.0
2021-05-18,0,0.0
2021-05-19,0,0.0
2021-05-20,0,0.0
2021-05-21,0,0.0
2021-05-22,0,0.0
2021-05-23,1,-3.88
2021-05-24,10,-41.00503214984625
2021-05-25,4,-8.58107396838092
2021-05-26,1,-12.7906976744186
2021-05-27,0,0.0
2021-05-28,0,0.0
2021-05-29,1,0.0
2021-05-30,1,-7.88643533123029
2021-05-31,0,0.0
2021-06-01,0,0.0
2021-06-02,1,-2.48447204968944
2021-06-03,0,0.0
2021-06-04,1,-8.06945863125638
2021-06-05,2,-13.99648521936652
2021-06-06,2,-23.0031948881788
2021-06-07,0,0.0
2021-06-08,0,0.0
2021-06-09,0,0.0
2021-06-10,3,-40.1785714285713
2021-06-11,0,0.0
2021-06-12,0,0.0
2021-06-13,0,0.0
2021-06-14,3,-2.33964828816585
2021-06-15,0,0.0
2021-06-16,3,-18.356427436623548
2021-06-17,0,0.0
2021-06-18,1,-1.29870129870129
2021-06-19,0,0.0
2021-06-20,2,-14.645919422571168
2021-06-21,1,-5.0
2021-06-22,3,-9.015002445901601
2021-06-23,0,0.0
2021-06-24,1,-5.85561785232244
2021-06-25,0,0.0
2021-06-26,0,0.0
2021-06-27,0,0.0
2021-06-28,0,0.0
2021-06-29,1,-5.71748878923767
2021-06-30,1,-5.71748878923767
2021-07-01,2,-24.7422680412372
2021-07-02,0,0.0
2021-07-03,0,0.0
2021-07-04,0,0.0
2021-07-05,0,0.0
2021-07-06,0,0.0
2021-07-07,0,0.0
2021-07-08,1,-4.15094339622642
2021-07-09,0,0.0
2021-07-10,0,0.0
2021-07-11,0,0.0
2021-07-12,0,0.0
2021-07-13,0,0.0
2021-07-14,0,0.0
2021-07-15,0,0.0
2021-07-16,0,0.0
2021-07-17,1,-3.92156862745098
2021-07-18,1,-8.19875776397515
2021-07-19,0,0.0
2021-07-20,1,-7.13286713286713
2021-07-21,3,-6.3860367888972505
2021-07-22,0,0.0
2021-07-23,2,-9.81308411214952
2021-07-24,4,-20.53156146179404
2021-07-25,0,0.0
2021-07-26,0,0.0
2021-07-27,5,-18.24212271973465
2021-07-28,2,-10.25641025641026
2021-07-29,0,0.0
2021-07-30,5,-55.965332229323806
2021-07-31,0,0.0
2021-08-01,0,0.0
2021-08-02,4,-11.44726083401472
2021-08-03,1,-12.3796423658872
2021-08-04,0,0.0
2021-08-05,0,0.0
2021-08-06,0,0.0
2021-08-07,0,0.0
2021-08-08,0,0.0
2021-08-09,0,0.0
2021-08-10,0,0.0
2021-08-11,0,0.0
2021-08-12,2,-3.63636363636364
2021-08-13,0,0.0
2021-08-14,0,0.0
2021-08-15,0,0.0
2021-08-16,0,0.0
2021-08-17,2,-22.0356768100736
2021-08-18,0,0.0
2021-08-19,0,0.0
2021-08-20,0,0.0
2021-08-21,0,0.0
2021-08-22,0,0.0
2021-08-23,0,0.0
2021-08-24,0,0.0
2021-08-25,0,0.0
2021-08-26,0,0.0
2021-08-27,1,0.0
2021-08-28,0,0.0
2021-08-29,0,0.0
2021-08-30,0,0.0
2021-08-31,0,0.0
2021-09-01,0,0.0
2021-09-02,0,0.0
2021-09-03,0,0.0
2021-09-04,0,0.0
2021-09-05,0,0.0
2021-09-06,0,0.0
2021-09-07,0,0.0
2021-09-08,0,0.0
2021-09-09,0,0.0
2021-09-10,0,0.0
2021-09-11,0,0.0
2021-09-12,0,0.0
2021-09-13,0,0.0
2021-09-14,0,0.0
2021-09-15,0,0.0
2021-09-16,2,-3.1531355042616998
2021-09-17,1,-2.02569950515888
2021-09-18,0,0.0
2021-09-19,0,0.0
2021-09-20,0,0.0
2021-09-21,2,-3.85469437408346
2021-09-22,0,0.0
2021-09-23,0,0.0
2021-09-24,0,0.0
2021-09-25,0,0.0
2021-09-26,4,-5.23854069223572
2021-09-27,0,0.0
2021-09-28,1,-2.46913580246914
2021-09-29,0,0.0
2021-09-30,0,0.0
2021-10-01,0,0.0
2021-10-02,2,-6.89422623787315
2021-10-03,0,0.0
2021-10-04,1,-6.0204081632653
2021-10-05,3,-16.52975998192102
2021-10-06,0,0.0
2021-10-07,1,-6.43340857787811
2021-10-08,0,0.0
2021-10-09,0,0.0
2021-10-10,2,-21.404806388043
2021-10-11,1,-2.65957446808511
2021-10-12,1,-7.42677824267782
2021-10-13,5,5.33536585365855
2021-10-14,0,0.0
2021-10-15,0,0.0
2021-10-16,1,-7.17092337917485
2021-10-17,0,0.0
2021-10-18,0,0.0
2021-10-19,0,0.0
2021-10-20,0,0.0
2021-10-21,0,0.0
2021-10-22,1,-9.77678571428574
2021-10-23,0,0.0
2021-10-24,1,-14.2857142857142
2021-10-25,0,0.0
2021-10-26,0,0.0
2021-10-27,2,-10.59014463114024
2021-10-28,0,0.0
2021-10-29,2,-8.90645502645503
2021-10-30,0,0.0
2021-10-31,0,0.0
2021-11-01,1,-3.87409200968523
2021-11-02,0,0.0
2021-11-03,0,0.0
2021-11-04,2,-13.488287513266918
2021-11-05,0,0.0
2021-11-06,0,0.0
2021-11-07,0,0.0
2021-11-08,1,1.75438596491228
2021-11-09,0,0.0
2021-11-10,2,-13.42857142857142
2021-11-11,2,-12.21640488656196
2021-11-12,0,0.0
2021-11-13,0,0.0
2021-11-14,0,0.0
2021-11-15,0,0.0
2021-11-16,0,0.0
2021-11-17,2,-10.44776119402984
2021-11-18,2,-5.40784136998648
2021-11-19,2,-6.5340909090909
2021-11-20,3,-20.65617542272885
2021-11-21,2,-13.649754500818329
2021-11-22,3,-25.601656870458783
2021-11-23,0,0.0
2021-11-24,1,-5.38720538720539
2021-11-25,0,0.0
2021-11-26,2,-15.7706633148699
2021-11-27,2,-15.63748126338442
2021-11-28,6,-14.377220288550362
2021-11-29,3,-22.59540923516622
2021-11-30,3,-24.608470195984793
2021-12-01,0,0.0
2021-12-02,1,-1.9457956914524
2021-12-03,2,-6.38655462184874
2021-12-04,2,-9.298617026757281
2021-12-05,1,-4.90716180371353
2021-12-06,0,0.0
2021-12-07,2,-4.9586776859504
2021-12-08,2,-19.56521739130438
2021-12-09,2,-14.0556043615317
2021-12-10,3,-10.89711146862889
2021-12-11,1,-6.91823899371069
2021-12-12,2,-12.29773462783172
2021-12-13,2,-6.68896321070234
2021-12-14,0,0.0
2021-12-15,1,-5.81043758262759
2021-12-16,1,-6.52920962199313
2021-12-17,0,0.0
2021-12-18,1,-1.48285449490269
2021-12-19,1,-1.28824476650564
2021-12-20,1,-8.21458507963118
2021-12-21,0,0.0
2021-12-22,0,0.0
2021-12-23,0,0.0
2021-12-24,0,0.0
2021-12-25,0,0.0
2021-12-26,0,0.0
2021-12-27,0,0.0
2021-12-28,0,0.0
2021-12-29,5,-18.00554016620495
2021-12-30,1,-6.1750423489554
2021-12-31,0,0.0
2022-01-01,0,0.0
2022-01-02,0,0.0
2022-01-03,0,0.0
2022-01-04,1,-1.82012847965739
2022-01-05,0,0.0
2022-01-06,5,-21.35690574764091
2022-01-07,1,-6.11961057023644
2022-01-08,1,-8.5308056872038
2022-01-09,0,0.0
2022-01-10,0,0.0
2022-01-11,0,0.0
2022-01-12,0,0.0
2022-01-13,0,0.0
2022-01-14,2,-5.8252427184466
2022-01-15,0,0.0
2022-01-16,0,0.0
2022-01-17,0,0.0
2022-01-18,1,-11.2183353437877
2022-01-19,0,0.0
2022-01-20,0,0.0
2022-01-21,0,0.0
2022-01-22,1,-4.62962962962963
2022-01-23,0,0.0
2022-01-24,0,0.0
2022-01-25,0,0.0
2022-01-26,0,0.0
2022-01-27,0,0.0
2022-01-28,0,0.0
2022-01-29,1,-1.33843212237094
2022-01-30,0,0.0
2022-01-31,4,-9.872296260691419
2022-02-01,0,0.0
2022-02-02,0,0.0
2022-02-03,1,-7.39957716701902
2022-02-04,1,-7.53138075313808
2022-02-05,0,0.0
2022-02-06,0,0.0
2022-02-07,0,0.0
2022-02-08,0,0.0
2022-02-09,1,-2.90858725761773
2022-02-10,0,0.0
2022-02-11,0,0.0
2022-02-12,0,0.0
2022-02-13,0,0.0
2022-02-14,0,0.0
2022-02-15,2,-19.58041958041956
2022-02-16,3,-29.9445933055286
2022-02-17,1,-12.5978959672706
2022-02-18,4,-28.189705768440128
2022-02-19,0,0.0
2022-02-20,1,-12.396694214876
2022-02-21,0,0.0
2022-02-22,0,0.0
2022-02-23,0,0.0
2022-02-24,1,-7.26915520628684
2022-02-25,0,0.0
2022-02-26,0,0.0
2022-02-27,1,-6.4367816091954
2022-02-28,0,0.0
2022-03-01,0,0.0
2022-03-02,0,0.0
2022-03-03,2,-7.1836303692489505
2022-03-04,1,-2.77349768875193
2022-03-05,0,0.0
2022-03-06,6,-48.69325997248962
2022-03-07,0,0.0
2022-03-08,0,0.0
2022-03-09,0,0.0
2022-03-10,2,-9.41759603469642
2022-03-11,0,0.0
2022-03-12,0,0.0
2022-03-13,0,0.0
2022-03-14,0,0.0
2022-03-15,0,0.0
2022-03-16,0,0.0
2022-03-17,0,0.0
2022-03-18,0,0.0
2022-03-19,0,0.0
2022-03-20,0,0.0
2022-03-21,2,-0.84269662921348
2022-03-22,0,0.0
2022-03-23,0,0.0
2022-03-24,1,-4.81099656357389
2022-03-25,1,-4.81099656357389
2022-03-26,1,-6.75675675675676
2022-03-27,0,0.0
2022-03-28,0,0.0
2022-03-29,1,-4.54545454545454
2022-03-30,1,0.1432664756447
2022-03-31,0,0.0
2022-04-01,0,0.0
2022-04-02,0,0.0
2022-04-03,0,0.0
2022-04-04,0,0.0
2022-04-05,0,0.0
2022-04-06,1,-4.65438786565547
2022-04-07,0,0.0
2022-04-08,0,0.0
2022-04-09,0,0.0
2022-04-10,0,0.0
2022-04-11,0,0.0
2022-04-12,0,0.0
2022-04-13,0,0.0
2022-04-14,0,0.0
2022-04-15,0,0.0
2022-04-16,0,0.0
2022-04-17,0,0.0
2022-04-18,0,0.0
2022-04-19,0,0.0
2022-04-20,0,0.0
2022-04-21,0,0.0
2022-04-22,0,0.0
2022-04-23,0,0.0
2022-04-24,0,0.0
2022-04-25,0,0.0
2022-04-26,0,0.0
2022-04-27,1,-3.03084538259338
2022-04-28,0,0.0
2022-04-29,0,0.0
2022-04-30,0,0.0
2022-05-01,0,0.0
2022-05-02,0,0.0
2022-05-03,0,0.0
2022-05-04,0,0.0
2022-05-05,0,0.0
2022-05-06,0,0.0
2022-05-07,0,0.0
2022-05-08,0,0.0
2022-05-09,0,0.0
2022-05-10,7,-43.98082152202395
2022-05-11,8,-68.04175491537636
2022-05-12,3,-33.49804998386395
2022-05-13,2,-16.41221374045802
2022-05-14,0,0.0
2022-05-15,0,0.0
2022-05-16,0,0.0
2022-05-17,0,0.0
2022-05-18,1,-8.17610062893082
2022-05-19,0,0.0
2022-05-20,0,0.0
2022-05-21,0,0.0
2022-05-22,0,0.0
2022-05-23,0,0.0
2022-05-24,0,0.0
2022-05-25,0,0.0
2022-05-26,1,-2.95031055900621
2022-05-27,0,0.0
2022-05-28,2,-10.8573567952078
2022-05-29,0,0.0
2022-05-30,0,0.0
2022-05-31,0,0.0
2022-06-01,0,0.0
2022-06-02,0,0.0
2022-06-03,0,0.0
2022-06-04,0,0.0
2022-06-05,0,0.0
2022-06-06,0,0.0
2022-06-07,1,-2.83125707814269
2022-06-08,0,0.0
2022-06-09,0,0.0
2022-06-10,0,0.0
2022-06-11,0,0.0
2022-06-12,0,0.0
2022-06-13,0,0.0
2022-06-14,0,0.0
2022-06-15,0,0.0
2022-06-16,4,-32.33608549064758
2022-06-17,1,-8.23569600012594
2022-06-18,0,0.0
2022-06-19,0,0.0
2022-06-20,0,0.0
2022-06-21,0,0.0
2022-06-22,2,-12.42096569528314
2022-06-23,0,0.0
2022-06-24,2,-11.69810284710211
2022-06-25,0,0.0
2022-06-26,0,0.0
2022-06-27,3,-13.04584909002688
2022-06-28,2,-9.1324200913242
2022-06-29,1,-1.05540897097626
2022-06-30,0,0.0
2022-07-01,0,0.0
2022-07-02,0,0.0
2022-07-03,0,0.0
2022-07-04,0,0.0
2022-07-05,0,0.0
2022-07-06,0,0.0
2022-07-07,0,0.0
2022-07-08,0,0.0
2022-07-09,1,-5.11022044088177
2022-07-10,0,0.0
2022-07-11,0,0.0
2022-07-12,0,0.0
2022-07-13,1,-5.76576576576577
2022-07-14,3,-11.34040758335924
2022-07-15,3,-11.97750651984931
2022-07-16,0,0.0
2022-07-17,0,0.0
2022-07-18,0,0.0
2022-07-19,0,0.0
2022-07-20,0,0.0
2022-07-21,0,0.0
2022-07-22,0,0.0
2022-07-23,0,0.0
2022-07-24,0,0.0
2022-07-25,0,0.0
2022-07-26,0,0.0
2022-07-27,0,0.0
2022-07-28,3,-2.434077079107492
2022-07-29,0,0.0
2022-07-30,0,0.0
2022-07-31,0,0.0
2022-08-01,0,0.0
2022-08-02,0,0.0
2022-08-03,0,0.0
2022-08-04,0,0.0
2022-08-05,1,-6.36363636363636
2022-08-06,0,0.0
2022-08-07,0,0.0
2022-08-08,0,0.0
2022-08-09,0,0.0
2022-08-10,0,0.0
2022-08-11,0,0.0
2022-08-12,0,0.0
2022-08-13,0,0.0
2022-08-14,0,0.0
2022-08-15,0,0.0
2022-08-16,1,-5.62913907284768
2022-08-17,0,0.0
2022-08-18,1,-6.49913344887348
2022-08-19,0,0.0
2022-08-20,0,0.0
2022-08-21,2,-5.4381942072823595
2022-08-22,0,0.0
2022-08-23,1,-1.31826741996234
2022-08-24,0,0.0
2022-08-25,0,0.0
2022-08-26,0,0.0
2022-08-27,0,0.0
2022-08-28,0,0.0
2022-08-29,0,0.0
2022-08-30,0,0.0
2022-08-31,0,0.0
2022-09-01,0,0.0
2022-09-02,1,-4.65587044534413
2022-09-03,0,0.0
2022-09-04,0,0.0
2022-09-05,0,0.0
2022-09-06,1,-8.45204178537512
2022-09-07,0,0.0
2022-09-08,0,0.0
2022-09-09,0,0.0
2022-09-10,0,0.0
2022-09-11,0,0.0
2022-09-12,0,0.0
2022-09-13,0,0.0
2022-09-14,0,0.0
2022-09-15,0,0.0
2022-09-16,0,0.0
2022-09-17,0,0.0
2022-09-18,0,0.0
2022-09-19,0,0.0
2022-09-20,0,0.0
2022-09-21,0,0.0
2022-09-22,0,0.0
2022-09-23,0,0.0
2022-09-24,0,0.0
2022-09-25,0,0.0
2022-09-26,2,-9.600399600399601
2022-09-27,0,0.0
2022-09-28,0,0.0
2022-09-29,0,0.0
2022-09-30,0,0.0
2022-10-01,1,-1.14942528735632
2022-10-02,0,0.0
2022-10-03,1,-7.01754385964913
2022-10-04,1,-8.01749271137026
2022-10-05,0,0.0
2022-10-06,1,-2.48847926267281
2022-10-07,0,0.0
2022-10-08,0,0.0
2022-10-09,0,0.0
2022-10-10,0,0.0
2022-10-11,2,-10.52631578947368
2022-10-12,0,0.0
2022-10-13,1,-0.88300220750551
2022-10-14,0,0.0
2022-10-15,0,0.0
2022-10-16,0,0.0
2022-10-17,0,0.0
2022-10-18,0,0.0
2022-10-19,0,0.0
2022-10-20,0,0.0
2022-10-21,0,0.0
2022-10-22,0,0.0
2022-10-23,0,0.0
2022-10-24,0,0.0
2022-10-25,0,0.0
2022-10-26,0,0.0
2022-10-27,0,0.0
2022-10-28,0,0.0
2022-10-29,0,0.0
2022-10-30,0,0.0
2022-10-31,1,0.57339449541284
2022-11-01,0,0.0
2022-11-02,1,-4.2079207920792
2022-11-03,0,0.0
2022-11-04,1,0.68104426787741
2022-11-05,0,0.0
2022-11-06,0,0.0
2022-11-07,0,0.0
2022-11-08,0,0.0
2022-11-09,0,0.0
2022-11-10,0,0.0
2022-11-11,0,0.0
2022-11-12,0,0.0
2022-11-13,0,0.0
2022-11-14,0,0.0
2022-11-15,0,0.0
2022-11-16,0,0.0
2022-11-17,0,0.0
2022-11-18,0,0.0
2022-11-19,0,0.0
2022-11-20,0,0.0
2022-11-21,0,0.0
2022-11-22,0,0.0
2022-11-23,0,0.0
2022-11-24,0,0.0
2022-11-25,0,0.0
2022-11-26,0,0.0
2022-11-27,0,0.0
2022-11-28,0,0.0
2022-11-29,0,0.0
2022-11-30,0,0.0
2022-12-01,0,0.0
2022-12-02,0,0.0
2022-12-03,0,0.0
2022-12-04,0,0.0
2022-12-05,0,0.0
2022-12-06,0,0.0
2022-12-07,0,0.0
2022-12-08,0,0.0
2022-12-09,0,0.0
2022-12-10,0,0.0
2022-12-11,0,0.0
2022-12-12,0,0.0
2022-12-13,0,0.0
2022-12-14,0,0.0
2022-12-15,0,0.0
2022-12-16,0,0.0
2022-12-17,0,0.0
2022-12-18,0,0.0
2022-12-19,0,0.0
2022-12-20,0,0.0
2022-12-21,0,0.0
2022-12-22,0,0.0
2022-12-23,0,0.0
2022-12-24,0,0.0
2022-12-25,0,0.0
2022-12-26,0,0.0
2022-12-27,0,0.0
2022-12-28,0,0.0
2022-12-29,0,0.0
2022-12-30,0,0.0
2022-12-31,0,0.0
2023-01-01,0,0.0
2023-01-02,0,0.0
2023-01-03,1,-10.6060606060606
2023-01-04,0,0.0
2023-01-05,0,0.0
2023-01-06,0,0.0
2023-01-07,0,0.0
2023-01-08,0,0.0
2023-01-09,0,0.0
2023-01-10,0,0.0
2023-01-11,0,0.0
2023-01-12,1,-4.0
2023-01-13,0,0.0
2023-01-14,0,0.0
2023-01-15,0,0.0
2023-01-16,0,0.0
2023-01-17,0,0.0
2023-01-18,0,0.0
2023-01-19,0,0.0
2023-01-20,0,0.0
2023-01-21,0,0.0
2023-01-22,0,0.0
2023-01-23,0,0.0
2023-01-24,1,-5.79829655439411
2023-01-25,0,0.0
2023-01-26,1,-8.27937095282142
2023-01-27,0,0.0
2023-01-28,0,0.0
2023-01-29,1,-8.17790530846483
2023-01-30,1,-5.59440559440559
2023-01-31,0,0.0
2023-02-01,0,0.0
2023-02-02,0,0.0
2023-02-03,2,-9.53652552596765
2023-02-04,0,0.0
2023-02-05,0,0.0
2023-02-06,0,0.0
2023-02-07,1,-4.88888888888888
2023-02-08,0,0.0
2023-02-09,1,-2.46048734081426
2023-02-10,0,0.0
2023-02-11,0,0.0
2023-02-12,0,0.0
2023-02-13,0,0.0
2023-02-14,0,0.0
2023-02-15,0,0.0
2023-02-16,0,0.0
2023-02-17,0,0.0
2023-02-18,0,0.0
2023-02-19,1,-4.36469447138701
2023-02-20,0,0.0
2023-02-21,0,0.0
2023-02-22,1,2.46305418719212
2023-02-23,1,-3.68773946360153
2023-02-24,1,-3.60799609946368
2023-02-25,0,0.0
2023-02-26,0,0.0
2023-02-27,0,0.0
2023-02-28,0,0.0
2023-03-01,4,-3.69913988418734
2023-03-02,1,-4.19302996279418
2023-03-03,0,0.0
2023-03-04,1,-2.51655629139072
2023-03-05,0,0.0
2023-03-06,0,0.0
2023-03-07,1,-2.46238030095759
2023-03-08,1,-6.58227848101266
2023-03-09,0,0.0
2023-03-10,1,-2.46913580246914
2023-03-11,1,-2.46575342465753
2023-03-12,1,-2.0476316780835
2023-03-13,1,-2.3224043715847
2023-03-14,0,0.0
2023-03-15,0,0.0
2023-03-16,0,0.0
2023-03-17,0,0.0
2023-03-18,0,0.0
2023-03-19,0,0.0
2023-03-20,8,10.44912923923008
2023-03-21,0,0.0
2023-03-22,0,0.0
2023-03-23,0,0.0
2023-03-24,0,0.0
2023-03-25,0,0.0
2023-03-26,0,0.0
2023-03-27,1,-0.5464480874317
2023-03-28,0,0.0
2023-03-29,0,0.0
2023-03-30,0,0.0
2023-03-31,0,0.0
2023-04-01,0,0.0
2023-04-02,0,0.0
2023-04-03,0,0.0
2023-04-04,0,0.0
2023-04-05,1,-3.14543175723612
2023-04-06,1,-3.06962384148609
2023-04-07,0,0.0
2023-04-08,0,0.0
2023-04-09,0,0.0
2023-04-10,0,0.0
2023-04-11,4,-8.28221605569348
2023-04-12,0,0.0
2023-04-13,0,0.0
2023-04-14,3,-7.99715504978664
2023-04-15,0,0.0
2023-04-16,1,-3.11750599520383
2023-04-17,3,-27.75418955604423
2023-04-18,4,-31.08632878621927
2023-04-19,1,-5.78512396694215
2023-04-20,3,-14.85743901972204
2023-04-21,3,-22.24643829657922
2023-04-22,0,0.0
2023-04-23,0,0.0
2023-04-24,1,-4.54545454545454
2023-04-25,0,0.0
2023-04-26,0,0.0
2023-04-27,5,-11.079783206471959
2023-04-28,0,0.0
2023-04-29,0,0.0
2023-04-30,1,-3.90143737166325
2023-05-01,1,-9.56703910614524
2023-05-02,0,0.0
2023-05-03,0,0.0
2023-05-04,0,0.0
2023-05-05,0,0.0
2023-05-06,0,0.0
2023-05-07,1,-7.40740740740741
2023-05-08,3,-14.3723948715243
2023-05-09,1,-4.8926014319809
2023-05-10,1,-4.8926014319809
2023-05-11,0,0.0
2023-05-12,0,0.0
2023-05-13,0,0.0
2023-05-14,0,0.0
2023-05-15,0,0.0
2023-05-16,1,-5.44871794871795
2023-05-17,2,-2.86653717738762
2023-05-18,2,-3.06965761511216
2023-05-19,0,0.0
2023-05-20,0,0.0
2023-05-21,0,0.0
2023-05-22,5,-23.381209894839692
2023-05-23,1,-7.69230769230767
2023-05-24,0,0.0
2023-05-25,0,0.0
2023-05-26,0,0.0
2023-05-27,4,-32.23526107673205
2023-05-28,0,0.0
2023-05-29,0,0.0
2023-05-30,0,0.0
2023-05-31,0,0.0
2023-06-01,2,-16.08040201005026
2023-06-02,1,-14.4067796610169
2023-06-03,0,0.0
2023-06-04,0,0.0
2023-06-05,0,0.0
2023-06-06,0,0.0
2023-06-07,0,0.0
2023-06-08,0,0.0
2023-06-09,1,-13.4078212290503
2023-06-10,1,-12.972972972973
2023-06-11,0,0.0
2023-06-12,0,0.0
2023-06-13,2,0.0
2023-06-14,0,0.0
2023-06-15,0,0.0
2023-06-16,0,0.0
2023-06-17,0,0.0
2023-06-18,0,0.0
2023-06-19,0,0.0
2023-06-20,0,0.0
2023-06-21,1,-5.87475790832796
2023-06-22,1,-3.47163420829805
2023-06-23,1,2.90697674418604
2023-06-24,0,0.0
2023-06-25,2,-14.54898157129
2023-06-26,0,0.0
2023-06-27,0,0.0
2023-06-28,1,-8.29596412556054
2023-06-29,0,0.0
2023-06-30,0,0.0
2023-07-01,0,0.0
2023-07-02,0,0.0
2023-07-03,0,0.0
2023-07-04,0,0.0
2023-07-05,0,0.0
2023-07-06,0,0.0
2023-07-07,0,0.0
2023-07-08,0,0.0
2023-07-09,0,0.0
2023-07-10,0,0.0
2023-07-11,0,0.0
2023-07-12,0,0.0
2023-07-13,0,0.0
2023-07-14,1,-1.19106699751861
2023-07-15,2,-20.1780415430268
2023-07-16,1,-6.02447966690881
2023-07-17,0,0.0
2023-07-18,0,0.0
2023-07-19,0,0.0
2023-07-20,0,0.0
2023-07-21,0,0.0
2023-07-22,0,0.0
2023-07-23,0,0.0
2023-07-24,0,0.0
2023-07-25,2,-10.81745986975298
2023-07-26,0,0.0
2023-07-27,2,-9.15492957746478
2023-07-28,0,0.0
2023-07-29,0,0.0
2023-07-30,1,-4.45344129554656
2023-07-31,1,-4.26439232409382
2023-08-01,1,-10.9037121279808
2023-08-02,1,-0.47021943573668
2023-08-03,2,-13.56465350367788
2023-08-04,3,-15.752147770486602
2023-08-05,1,-6.31578947368421
2023-08-06,0,0.0
2023-08-07,2,-11.27078717532622
2023-08-08,5,-24.99683354097744
2023-08-09,0,0.0
2023-08-10,0,0.0
2023-08-11,0,0.0
2023-08-12,1,-0.78740157480315
2023-08-13,0,0.0
2023-08-14,0,0.0
2023-08-15,1,-3.11252992817239
2023-08-16,0,0.0
2023-08-17,2,-15.11681384013419
2023-08-18,2,-5.68253968253968
2023-08-19,1,-3.77867746288799
2023-08-20,0,0.0
2023-08-21,0,0.0
2023-08-22,0,0.0
2023-08-23,1,-3.78378378378378
2023-08-24,0,0.0
2023-08-25,1,-8.16115702479336
2023-08-26,0,0.0
2023-08-27,0,0.0
2023-08-28,2,-14.90262489415748
2023-08-29,2,-13.18101933216168
2023-08-30,3,-17.27042110603755
2023-08-31,1,-5.48354935194417
2023-09-01,0,0.0
2023-09-02,0,0.0
2023-09-03,0,0.0
2023-09-04,0,0.0
2023-09-05,0,0.0
2023-09-06,0,0.0
2023-09-07,3,-28.125000000000092
2023-09-08,0,0.0
2023-09-09,0,0.0
2023-09-10,2,-22.0356768100736
2023-09-11,5,-32.6898723262155
2023-09-12,1,0.26315789473685
2023-09-13,0,0.0
2023-09-14,2,-3.92706872370266
2023-09-15,3,-14.541282863617258
2023-09-16,0,0.0
2023-09-17,0,0.0
2023-09-18,1,-1.84563758389262
2023-09-19,0,0.0
2023-09-20,2,-4.65259956277921
2023-09-21,1,-4.40278327397441
2023-09-22,0,0.0
2023-09-23,0,0.0
2023-09-24,0,0.0
2023-09-25,0,0.0
2023-09-26,0,0.0
2023-09-27,1,-6.77456969494479
2023-09-28,2,-14.593683241562971
2023-09-29,1,-5.84707646176912
2023-09-30,0,0.0
2023-10-01,0,0.0
2023-10-02,0,0.0
2023-10-03,1,-6.4367816091954
2023-10-04,0,0.0
2023-10-05,0,0.0
2023-10-06,3,-12.54355400696865
2023-10-07,1,-5.18731988472622
2023-10-08,0,0.0
2023-10-09,0,0.0
2023-10-10,0,0.0
2023-10-11,0,0.0
2023-10-12,0,0.0
2023-10-13,0,0.0
2023-10-14,0,0.0
2023-10-15,0,0.0
2023-10-16,0,0.0
2023-10-17,0,0.0
2023-10-18,1,-8.64
2023-10-19,0,0.0
2023-10-20,0,0.0
2023-10-21,1,-4.63347164591978
2023-10-22,0,0.0
2023-10-23,0,0.0
2023-10-24,0,0.0
2023-10-25,0,0.0
2023-10-26,0,0.0
2023-10-27,0,0.0
2023-10-28,0,0.0
2023-10-29,0,0.0
2023-10-30,0,0.0
2023-10-31,0,0.0
2023-11-01,0,0.0
2023-11-02,1,-8.5164835164835
2023-11-03,0,0.0
2023-11-04,0,0.0
2023-11-05,0,0.0
2023-11-06,0,0.0
2023-11-07,0,0.0
2023-11-08,0,0.0
2023-11-09,0,0.0
2023-11-10,0,0.0
2023-11-11,0,0.0
2023-11-12,0,0.0
2023-11-13,0,0.0
2023-11-14,0,0.0
2023-11-15,0,0.0
2023-11-16,0,0.0
2023-11-17,3,-9.52769785105116
2023-11-18,0,0.0
2023-11-19,0,0.0
2023-11-20,0,0.0
2023-11-21,0,0.0
2023-11-22,0,0.0
2023-11-23,0,0.0
2023-11-24,0,0.0
2023-11-25,0,0.0
2023-11-26,0,0.0
2023-11-27,0,0.0
2023-11-28,0,0.0
2023-11-29,0,0.0
2023-11-30,0,0.0
2023-12-01,0,0.0
2023-12-02,0,0.0
2023-12-03,0,0.0
2023-12-04,0,0.0
2023-12-05,0,0.0
2023-12-06,0,0.0
2023-12-07,0,0.0
2023-12-08,1,-10.7281105990783
2023-12-09,0,0.0
2023-12-10,0,0.0
2023-12-11,0,0.0
2023-12-12,0,0.0
2023-12-13,0,0.0
2023-12-14,0,0.0
2023-12-15,0,0.0
2023-12-16,0,0.0
2023-12-17,0,0.0
2023-12-18,0,0.0
2023-12-19,0,0.0
2023-12-20,0,0.0
2023-12-21,0,0.0
2023-12-22,1,-0.46511627906977
2023-12-23,0,0.0
2023-12-24,0,0.0
2023-12-25,4,-8.89830508474576
2023-12-26,0,0.0
2023-12-27,0,0.0
2023-12-28,0,0.0
2023-12-29,0,0.0
2023-12-30,0,0.0
2023-12-31,0,0.0
2024-01-01,0,0.0
2024-01-02,0,0.0
2024-01-03,0,0.0
2024-01-04,0,0.0
2024-01-05,0,0.0
2024-01-06,0,0.0
2024-01-07,0,0.0
2024-01-08,0,0.0
2024-01-09,0,0.0
2024-01-10,1,-2.734375
2024-01-11,0,0.0
2024-01-12,2,-5.12820512820514
2024-01-13,0,0.0
2024-01-14,0,0.0
2024-01-15,0,0.0
2024-01-16,0,0.0
2024-01-17,0,0.0
2024-01-18,0,0.0
2024-01-19,0,0.0
2024-01-20,0,0.0
2024-01-21,0,0.0
2024-01-22,0,0.0
2024-01-23,0,0.0
2024-01-24,0,0.0
2024-01-25,0,0.0
2024-01-26,0,0.0
2024-01-27,0,0.0
2024-01-28,0,0.0
2024-01-29,0,0.0
2024-01-30,0,0.0
2024-01-31,0,0.0
2024-02-01,0,0.0
2024-02-02,0,0.0
2024-02-03,0,0.0
2024-02-04,0,0.0
2024-02-05,0,0.0
2024-02-06,0,0.0
2024-02-07,0,0.0
2024-02-08,1,-4.86991327551701
2024-02-09,1,-5.18582541054451
2024-02-10,0,0.0
2024-02-11,0,0.0
2024-02-12,0,0.0
2024-02-13,0,0.0
2024-02-14,0,0.0
2024-02-15,0,0.0
2024-02-16,0,0.0
2024-02-17,0,0.0
2024-02-18,0,0.0
2024-02-19,0,0.0
2024-02-20,2,-0.57333970377448
2024-02-21,0,0.0
2024-02-22,4,-2.088772845953
2024-02-23,0,0.0
2024-02-24,0,0.0
2024-02-25,2,-8.85714285714286
2024-02-26,0,0.0
2024-02-27,0,0.0
2024-02-28,4,-7.05710562148396
2024-02-29,1,-0.286635944700459
2024-03-01,1,-0.22962112514352
2024-03-02,2,-4.47239692522712
2024-03-03,0,0.0
2024-03-04,0,0.0
2024-03-05,0,0.0
2024-03-06,0,0.0
2024-03-07,0,0.0
2024-03-08,0,0.0
2024-03-09,0,0.0
2024-03-10,5,-27.00608820417366
2024-03-11,0,0.0
2024-03-12,0,0.0
2024-03-13,0,0.0
2024-03-14,0,0.0
2024-03-15,0,0.0
2024-03-16,0,0.0
2024-03-17,0,0.0
2024-03-18,0,0.0
2024-03-19,0,0.0
2024-03-20,0,0.0
2024-03-21,0,0.0
2024-03-22,0,0.0
2024-03-23,1,-8.0
2024-03-24,1,-4.76190476190476
2024-03-25,3,-17.35261401557286
2024-03-26,1,-4.69328932593208
2024-03-27,1,-3.01624129930394
2024-03-28,3,-23.242623601680762
2024-03-29,4,-22.40336272974531
2024-03-30,0,0.0
2024-03-31,0,0.0
2024-04-01,0,0.0
2024-04-02,7,-36.09455726577191
2024-04-03,1,-5.20291363163372
2024-04-04,0,0.0
2024-04-05,0,0.0
2024-04-06,0,0.0
2024-04-07,0,0.0
2024-04-08,0,0.0
2024-04-09,0,0.0
2024-04-10,1,-9.70267883426557
2024-04-11,1,-6.02498163115357
2024-04-12,2,-9.20611944994598
2024-04-13,0,0.0
2024-04-14,0,0.0
2024-04-15,1,-7.75193798449612
2024-04-16,1,-1.97841726618705
2024-04-17,1,-5.77689243027888
2024-04-18,1,-4.41013718633516
2024-04-19,1,-2.17065868263473
2024-04-20,0,0.0
2024-04-21,0,0.0
2024-04-22,1,-4.26716141001855
2024-04-23,0,0.0
2024-04-24,0,0.0
2024-04-25,1,-7.4027603513174
2024-04-26,0,0.0
2024-04-27,1,-7.69230769230769
2024-04-28,1,-4.13094310210445
2024-04-29,0,0.0
2024-04-30,1,-5.32646048109965
2024-05-01,1,1.11248454882572
2024-05-02,0,0.0
2024-05-03,4,-27.41784037558688
2024-05-04,0,0.0
2024-05-05,4,-31.09283625730992
2024-05-06,0,0.0
2024-05-07,2,-6.51278220851504
2024-05-08,1,0.0
2024-05-09,0,0.0
2024-05-10,3,-14.17910447761194
2024-05-11,0,0.0
2024-05-12,1,-3.09758771929825
2024-05-13,1,-3.46320346320346
2024-05-14,0,0.0
2024-05-15,0,0.0
2024-05-16,2,-6.55737704918032
2024-05-17,0,0.0
2024-05-18,0,0.0
2024-05-19,2,-11.63227016885554
2024-05-20,1,-1.28087831655993
2024-05-21,0,0.0
2024-05-22,2,-13.66806136680614
2024-05-23,3,-27.57973733583489
2024-05-24,3,-17.218401160235572
2024-05-25,0,0.0
2024-05-26,0,0.0
2024-05-27,0,0.0
2024-05-28,0,0.0
2024-05-29,2,-2.95420974889216
2024-05-30,0,0.0
2024-05-31,0,0.0
2024-06-01,0,0.0
2024-06-02,0,0.0
2024-06-03,0,0.0
2024-06-04,0,0.0
2024-06-05,0,0.0
2024-06-06,0,0.0
2024-06-07,0,0.0
2024-06-08,0,0.0
2024-06-09,1,-4.59633649932157
2024-06-10,0,0.0
2024-06-11,1,-8.60927152317881
2024-06-12,0,0.0
2024-06-13,0,0.0
2024-06-14,0,0.0
2024-06-15,0,0.0
2024-06-16,0,0.0
2024-06-17,0,0.0
2024-06-18,1,-1.45118733509235
2024-06-19,0,0.0
2024-06-20,0,0.0
2024-06-21,0,0.0
2024-06-22,0,0.0
2024-06-23,0,0.0
2024-06-24,0,0.0
2024-06-25,0,0.0
2024-06-26,1,-5.92705167173253
2024-06-27,1,-7.05218617771509
2024-06-28,4,-16.417551691947132
2024-06-29,1,-0.76530612244898
2024-06-30,0,0.0
2024-07-01,2,-16.02023608768972
2024-07-02,2,-8.68489945275574
2024-07-03,0,0.0
2024-07-04,0,0.0
2024-07-05,2,-11.69204578406063
2024-07-06,0,0.0
2024-07-07,0,0.0
2024-07-08,2,-12.14895514780835
2024-07-09,0,0.0
2024-07-10,0,0.0
2024-07-11,0,0.0
2024-07-12,2,-9.76821192052982
2024-07-13,2,-1.85873605947956
2024-07-14,0,0.0
2024-07-15,1,-9.99999999999997
2024-07-16,3,-5.783469806759159
2024-07-17,3,-7.97687861271675
2024-07-18,0,0.0
2024-07-19,0,0.0
2024-07-20,0,0.0
2024-07-21,2,-5.74185069961484
2024-07-22,6,-7.07377843263461
2024-07-23,1,-7.71010736764159
2024-07-24,1,-3.06513409961685
2024-07-25,0,0.0
2024-07-26,0,0.0
2024-07-27,0,0.0
2024-07-28,0,0.0
2024-07-29,1,-3.99429386590584
2024-07-30,0,0.0
2024-07-31,0,0.0
2024-08-01,6,-22.05031939415815
2024-08-02,4,-19.53249314157836
2024-08-03,0,0.0
2024-08-04,1,-4.63078848560701
2024-08-05,3,-8.84030418250953
2024-08-06,2,-9.79982157979638
2024-08-07,0,0.0
2024-08-08,0,0.0
2024-08-09,2,-16.94915254237282
2024-08-10,0,0.0
2024-08-11,0,0.0
2024-08-12,0,0.0
2024-08-13,0,0.0
2024-08-14,1,-0.1025641025641
2024-08-15,4,-12.294825243385901
2024-08-16,4,-9.87779473774024
2024-08-17,10,-32.5021828397431
2024-08-18,11,-37.34230876076429
2024-08-19,23,-85.26844638587
2024-08-20,16,-73.73545805138009
2024-08-21,52,-330.8304811617786
2024-08-22,15,-66.55842801641766
2024-08-23,13,-41.8621477273717
2024-08-24,5,-11.95515743022381
2024-08-25,0,0.0
2024-08-26,3,-11.40251867623064
2024-08-27,3,-15.258776914354861
2024-08-28,1,-4.739336492891
2024-08-29,4,-13.62962962962964
2024-08-30,5,-16.25090224357948
2024-08-31,1,-0.10319917440661
2024-09-01,1,-2.50250250250251
2024-09-02,0,0.0
2024-09-03,0,0.0
2024-09-04,0,0.0
2024-09-05,0,0.0
2024-09-06,1,-3.0712612914018
2024-09-07,0,0.0
2024-09-08,0,0.0
2024-09-09,1,-4.07938257993385
2024-09-10,0,0.0
2024-09-11,2,-11.46131805157594
2024-09-12,0,0.0
2024-09-13,0,0.0
2024-09-14,0,0.0
2024-09-15,0,0.0
2024-09-16,0,0.0
2024-09-17,0,0.0
2024-09-18,0,0.0
2024-09-19,0,0.0
2024-09-20,0,0.0
2024-09-21,0,0.0
2024-09-22,0,0.0
2024-09-23,0,0.0
2024-09-24,0,0.0
2024-09-25,0,0.0
2024-09-26,0,0.0
2024-09-27,0,0.0
2024-09-28,0,0.0
2024-09-29,0,0.0
2024-09-30,0,0.0
2024-10-01,0,0.0
2024-10-02,0,0.0
2024-10-03,0,0.0
2024-10-04,0,0.0
2024-10-05,0,0.0
2024-10-06,0,0.0
2024-10-07,0,0.0
2024-10-08,0,0.0
2024-10-09,0,0.0
2024-10-10,0,0.0
2024-10-11,1,-4.95049504950496
2024-10-12,4,-19.95042446255596
2024-10-13,3,-20.90177359726707
2024-10-14,1,-10.8552631578947
2024-10-15,3,-23.26860584925103
2024-10-16,2,-11.52398871119472
2024-10-17,0,0.0
2024-10-18,0,0.0
2024-10-19,0,0.0
2024-10-20,0,0.0
2024-10-21,0,0.0
2024-10-22,0,0.0
2024-10-23,0,0.0
2024-10-24,0,0.0
2024-10-25,1,-6.5625
2024-10-26,0,0.0
2024-10-27,0,0.0
2024-10-28,0,0.0
2024-10-29,2,-1.57273918741808
2024-10-30,1,-7.37951807228916
2024-10-31,0,0.0
2024-11-01,0,0.0
2024-11-02,0,0.0
2024-11-03,0,0.0
2024-11-04,0,0.0
2024-11-05,0,0.0
2024-11-06,1,-5.40265035677879
2024-11-07,0,0.0
2024-11-08,0,0.0
2024-11-09,0,0.0
2024-11-10,0,0.0
2024-11-11,0,0.0
2024-11-12,0,0.0
2024-11-13,0,0.0
2024-11-14,0,0.0
2024-11-15,0,0.0
2024-11-16,0,0.0
2024-11-17,0,0.0
2024-11-18,1,-6.06767794632438
2024-11-19,0,0.0
2024-11-20,0,0.0
2024-11-21,0,0.0
2024-11-22,0,0.0
2024-11-23,0,0.0
2024-11-24,0,0.0
2024-11-25,0,0.0
2024-11-26,0,0.0
2024-11-27,0,0.0
2024-11-28,0,0.0
2024-11-29,0,0.0
2024-11-30,0,0.0
2024-12-01,0,0.0
2024-12-02,3,-9.52666072657402
2024-12-03,0,0.0
2024-12-04,0,0.0
2024-12-05,0,0.0
2024-12-06,1,1.06666666666667
2024-12-07,0,0.0
2024-12-08,0,0.0
2024-12-09,0,0.0
2024-12-10,0,0.0
2024-12-11,2,-8.29493087557604
2024-12-12,0,0.0
2024-12-13,0,0.0
2024-12-14,0,0.0
2024-12-15,0,0.0
2024-12-16,0,0.0
2024-12-17,0,0.0
2024-12-18,0,0.0
2024-12-19,0,0.0
2024-12-20,0,0.0
2024-12-21,0,0.0
2024-12-22,0,0.0
2024-12-23,0,0.0
2024-12-24,0,0.0
2024-12-25,0,0.0
2024-12-26,0,0.0
